,Timestamp,true value
1000,12/17/2018 19:00,1
1001,12/17/2018 20:00,1
1002,12/17/2018 21:00,1
1003,12/17/2018 22:00,1
1004,12/17/2018 23:00,1
1005,12/18/2018 0:00,1
1006,12/18/2018 1:00,0.281531532
1007,12/18/2018 2:00,0.408088235
1008,12/18/2018 3:00,0.597130243
1009,12/18/2018 4:00,0.448979592
1010,12/18/2018 5:00,0.281167109
1011,12/18/2018 6:00,0.540763674
1012,12/18/2018 7:00,0.568213783
1013,12/18/2018 8:00,0.538071066
1014,12/18/2018 9:00,0.409555189
1015,12/18/2018 10:00,0.751580104
1016,12/18/2018 11:00,0.556237219
1017,12/18/2018 12:00,0.782201405
1018,12/18/2018 13:00,1
1019,12/18/2018 14:00,1
1020,12/18/2018 15:00,1
1021,12/18/2018 16:00,1
1022,12/18/2018 17:00,1
1023,12/18/2018 18:00,1
1024,12/18/2018 19:00,1
1025,12/18/2018 20:00,1
1026,12/18/2018 21:00,1
1027,12/18/2018 22:00,1
1028,12/18/2018 23:00,1
1029,12/19/2018 0:00,1
1030,12/19/2018 1:00,0.529915692
1031,12/19/2018 2:00,0.543481087
1032,12/19/2018 3:00,0.548312883
1033,12/19/2018 4:00,0.611650485
1034,12/19/2018 5:00,0.560008263
1035,12/19/2018 6:00,0.531021898
1036,12/19/2018 7:00,0.503474078
1037,12/19/2018 8:00,0.447398844
1038,12/19/2018 9:00,0.59596577
1039,12/19/2018 10:00,0.478792822
1040,12/19/2018 11:00,0.790513834
1041,12/19/2018 12:00,0.340720222
1042,12/19/2018 13:00,1
1043,12/19/2018 14:00,1
1044,12/19/2018 15:00,1
1045,12/19/2018 16:00,1
1046,12/19/2018 17:00,1
1047,12/19/2018 18:00,1
1048,12/19/2018 19:00,1
1049,12/19/2018 20:00,1
1050,12/19/2018 21:00,1
1051,12/19/2018 22:00,1
1052,12/19/2018 23:00,1
1053,12/20/2018 0:00,1
1054,12/20/2018 1:00,0.652925532
1055,12/20/2018 2:00,0.892896781
1056,12/20/2018 3:00,0.551412873
1057,12/20/2018 4:00,0.567283951
1058,12/20/2018 5:00,0.578512397
1059,12/20/2018 6:00,0.268041237
1060,12/20/2018 7:00,0.250521921
1061,12/20/2018 8:00,0.222222222
1062,12/20/2018 9:00,0.637795276
1063,12/20/2018 10:00,0.690198208
1064,12/20/2018 11:00,0.604166667
1065,12/20/2018 12:00,0.226519337
1066,12/20/2018 13:00,1
1067,12/20/2018 14:00,1
1068,12/20/2018 15:00,1
1069,12/20/2018 16:00,1
1070,12/20/2018 17:00,1
1071,12/20/2018 18:00,1
1072,12/20/2018 19:00,1
1073,12/20/2018 20:00,1
1074,12/20/2018 21:00,1
1075,12/20/2018 22:00,1
1076,12/20/2018 23:00,1
1077,12/21/2018 0:00,1
1078,12/21/2018 1:00,0.443076923
1079,12/21/2018 2:00,0.523094688
1080,12/21/2018 3:00,0.685319767
1081,12/21/2018 4:00,0.610208817
1082,12/21/2018 5:00,0.431865828
1083,12/21/2018 6:00,0.612121212
1084,12/21/2018 7:00,0.752066116
1085,12/21/2018 8:00,0.569506726
1086,12/21/2018 9:00,0.51497006
1087,12/21/2018 10:00,0.954794521
1088,12/21/2018 11:00,0.913461538
1089,12/21/2018 12:00,0.568
1090,12/21/2018 13:00,1
1091,12/21/2018 14:00,1
1092,12/21/2018 15:00,1
1093,12/21/2018 16:00,1
1094,12/21/2018 17:00,1
1095,12/21/2018 18:00,1
1096,12/21/2018 19:00,1
1097,12/21/2018 20:00,1
1098,12/21/2018 21:00,1
1099,12/21/2018 22:00,1
1100,12/21/2018 23:00,1
1101,12/22/2018 0:00,1
1102,12/22/2018 1:00,0.539748954
1103,12/22/2018 2:00,0.405172414
1104,12/22/2018 3:00,0.453900709
1105,12/22/2018 4:00,0.620155039
1106,12/22/2018 5:00,0.811320755
1107,12/22/2018 6:00,0.61965812
1108,12/22/2018 7:00,0.731034483
1109,12/22/2018 8:00,0.579075426
1110,12/22/2018 9:00,0.58411215
1111,12/22/2018 10:00,0.7125
1112,12/22/2018 11:00,0.523809524
1113,12/22/2018 12:00,0.560693642
1114,12/22/2018 13:00,1
1115,12/22/2018 14:00,1
1116,12/22/2018 15:00,1
1117,12/22/2018 16:00,1
1118,12/22/2018 17:00,1
1119,12/22/2018 18:00,1
1120,12/22/2018 19:00,1
1121,12/22/2018 20:00,1
1122,12/22/2018 21:00,1
1123,12/22/2018 22:00,1
1124,12/22/2018 23:00,1
1125,12/23/2018 0:00,1
1126,12/23/2018 1:00,0.512690355
1127,12/23/2018 2:00,0.643266476
1128,12/23/2018 3:00,0.416893733
1129,12/23/2018 4:00,0.543071161
1130,12/23/2018 5:00,0.489932886
1131,12/23/2018 6:00,0.587939698
1132,12/23/2018 7:00,0.574370709
1133,12/23/2018 8:00,0.581395349
1134,12/23/2018 9:00,0.365558912
1135,12/23/2018 10:00,0.59245283
1136,12/23/2018 11:00,0.206349206
1137,12/23/2018 12:00,0.722222222
1138,12/23/2018 13:00,1
1139,12/23/2018 14:00,1
1140,12/23/2018 15:00,1
1141,12/23/2018 16:00,1
1142,12/23/2018 17:00,1
1143,12/23/2018 18:00,1
1144,12/23/2018 19:00,1
1145,12/23/2018 20:00,1
1146,12/23/2018 21:00,1
1147,12/23/2018 22:00,1
1148,12/23/2018 23:00,1
1149,12/24/2018 0:00,1
1150,12/24/2018 1:00,0.541577825
1151,12/24/2018 2:00,0.611683849
1152,12/24/2018 3:00,0.665803109
1153,12/24/2018 4:00,0.633187773
1154,12/24/2018 5:00,0.902777778
1155,12/24/2018 6:00,0.741200828
1156,12/24/2018 7:00,0.656097561
1157,12/24/2018 8:00,0.575528701
1158,12/24/2018 9:00,0.522588523
1159,12/24/2018 10:00,0.508515815
1160,12/24/2018 11:00,0.813953488
1161,12/24/2018 12:00,0.551083591
1162,12/24/2018 13:00,1
1163,12/24/2018 14:00,1
1164,12/24/2018 15:00,1
1165,12/24/2018 16:00,1
1166,12/24/2018 17:00,1
1167,12/24/2018 18:00,1
1168,12/24/2018 19:00,1
1169,12/24/2018 20:00,1
1170,12/24/2018 21:00,1
1171,12/24/2018 22:00,1
1172,12/24/2018 23:00,1
1173,12/25/2018 0:00,1
1174,12/25/2018 1:00,0.653061224
1175,12/25/2018 2:00,0.633333333
1176,12/25/2018 3:00,0.652892562
1177,12/25/2018 4:00,0.689922481
1178,12/25/2018 5:00,0.662162162
1179,12/25/2018 6:00,0.560190703
1180,12/25/2018 7:00,0.520112254
1181,12/25/2018 8:00,0.514525994
1182,12/25/2018 9:00,0.559121622
1183,12/25/2018 10:00,0.907625272
1184,12/25/2018 11:00,0.476635514
1185,12/25/2018 12:00,0.561904762
1186,12/25/2018 13:00,1
1187,12/25/2018 14:00,1
1188,12/25/2018 15:00,1
1189,12/25/2018 16:00,1
1190,12/25/2018 17:00,1
1191,12/25/2018 18:00,1
1192,12/25/2018 19:00,1
1193,12/25/2018 20:00,1
1194,12/25/2018 21:00,1
1195,12/25/2018 22:00,1
1196,12/25/2018 23:00,1
1197,12/26/2018 0:00,1
1198,12/26/2018 1:00,0.544910993
1199,12/26/2018 2:00,0.54269326
1200,12/26/2018 3:00,0.629550321
1201,12/26/2018 4:00,0.615835777
1202,12/26/2018 5:00,0.557598039
1203,12/26/2018 6:00,0.588957055
1204,12/26/2018 7:00,0.608537693
1205,12/26/2018 8:00,0.610638298
1206,12/26/2018 9:00,0.622119816
1207,12/26/2018 10:00,0.487804878
1208,12/26/2018 11:00,0.492366412
1209,12/26/2018 12:00,0.34079602
1210,12/26/2018 13:00,1
1211,12/26/2018 14:00,1
1212,12/26/2018 15:00,1
1213,12/26/2018 16:00,1
1214,12/26/2018 17:00,1
1215,12/26/2018 18:00,1
1216,12/26/2018 19:00,1
1217,12/26/2018 20:00,1
1218,12/26/2018 21:00,1
1219,12/26/2018 22:00,1
1220,12/26/2018 23:00,1
1221,12/27/2018 0:00,1
1222,12/27/2018 1:00,0.733850129
1223,12/27/2018 2:00,0.699186992
1224,12/27/2018 3:00,0.612704918
1225,12/27/2018 4:00,0.63902439
1226,12/27/2018 5:00,0.827338129
1227,12/27/2018 6:00,0.793220339
1228,12/27/2018 7:00,0.683804627
1229,12/27/2018 8:00,0.589595376
1230,12/27/2018 9:00,0.488888889
1231,12/27/2018 10:00,0.423580786
1232,12/27/2018 11:00,0.328571429
1233,12/27/2018 12:00,0.376012966
1234,12/27/2018 13:00,1
1235,12/27/2018 14:00,1
1236,12/27/2018 15:00,1
1237,12/27/2018 16:00,1
1238,12/27/2018 17:00,1
1239,12/27/2018 18:00,1
1240,12/27/2018 19:00,1
1241,12/27/2018 20:00,1
1242,12/27/2018 21:00,1
1243,12/27/2018 22:00,1
1244,12/27/2018 23:00,1
1245,12/28/2018 0:00,1
1246,12/28/2018 1:00,0.652777778
1247,12/28/2018 2:00,0.600885515
1248,12/28/2018 3:00,0.594216867
1249,12/28/2018 4:00,0.609375
1250,12/28/2018 5:00,0.597468354
1251,12/28/2018 6:00,0.600401606
1252,12/28/2018 7:00,0.571633238
1253,12/28/2018 8:00,0.592300099
1254,12/28/2018 9:00,0.591522158
1255,12/28/2018 10:00,0.632075472
1256,12/28/2018 11:00,0.471428571
1257,12/28/2018 12:00,0.3828125
1258,12/28/2018 13:00,1
1259,12/28/2018 14:00,1
1260,12/28/2018 15:00,1
1261,12/28/2018 16:00,1
1262,12/28/2018 17:00,1
1263,12/28/2018 18:00,1
1264,12/28/2018 19:00,1
1265,12/28/2018 20:00,1
1266,12/28/2018 21:00,1
1267,12/28/2018 22:00,1
1268,12/28/2018 23:00,1
1269,12/29/2018 0:00,1
1270,12/29/2018 1:00,0.583333333
1271,12/29/2018 2:00,0.691275168
1272,12/29/2018 3:00,0.617391304
1273,12/29/2018 4:00,0.682634731
1274,12/29/2018 5:00,0.637860082
1275,12/29/2018 6:00,0.673076923
1276,12/29/2018 7:00,0.772727273
1277,12/29/2018 8:00,0.529069767
1278,12/29/2018 9:00,0.486935867
1279,12/29/2018 10:00,0.599406528
1280,12/29/2018 11:00,0.560416667
1281,12/29/2018 12:00,0.233576642
1282,12/29/2018 13:00,1
1283,12/29/2018 14:00,1
1284,12/29/2018 15:00,1
1285,12/29/2018 16:00,1
1286,12/29/2018 17:00,1
1287,12/29/2018 18:00,1
1288,12/29/2018 19:00,1
1289,12/29/2018 20:00,1
1290,12/29/2018 21:00,1
1291,12/29/2018 22:00,1
1292,12/29/2018 23:00,1
1293,12/30/2018 0:00,1
1294,12/30/2018 1:00,0.632996633
1295,12/30/2018 2:00,0.603174603
1296,12/30/2018 3:00,0.608695652
1297,12/30/2018 4:00,0.708955224
1298,12/30/2018 5:00,0.656084656
1299,12/30/2018 6:00,0.655172414
1300,12/30/2018 7:00,0.651785714
1301,12/30/2018 8:00,0.682926829
1302,12/30/2018 9:00,0.581081081
1303,12/30/2018 10:00,0.431421446
1304,12/30/2018 11:00,0.274223035
1305,12/30/2018 12:00,0.525773196
1306,12/30/2018 13:00,1
1307,12/30/2018 14:00,1
1308,12/30/2018 15:00,1
1309,12/30/2018 16:00,1
1310,12/30/2018 17:00,1
1311,12/30/2018 18:00,1
1312,12/30/2018 19:00,1
1313,12/30/2018 20:00,1
1314,12/30/2018 21:00,1
1315,12/30/2018 22:00,1
1316,12/30/2018 23:00,1
1317,12/31/2018 0:00,1
1318,12/31/2018 1:00,0.856423174
1319,12/31/2018 2:00,0.645933014
1320,12/31/2018 3:00,0.703703704
1321,12/31/2018 4:00,0.888888889
1322,12/31/2018 5:00,0.735294118
1323,12/31/2018 6:00,0.979591837
1324,12/31/2018 7:00,0.659574468
1325,12/31/2018 8:00,0.530864198
1326,12/31/2018 9:00,0.311111111
1327,12/31/2018 10:00,0.583892617
1328,12/31/2018 11:00,0.389534884
1329,12/31/2018 12:00,0.580786026
1330,12/31/2018 13:00,1
1331,12/31/2018 14:00,1
1332,12/31/2018 15:00,1
1333,12/31/2018 16:00,1
1334,12/31/2018 17:00,1
1335,12/31/2018 18:00,1
1336,12/31/2018 19:00,1
1337,12/31/2018 20:00,1
1338,12/31/2018 21:00,1
1339,12/31/2018 22:00,1
1340,12/31/2018 23:00,1
1341,1/1/2019 0:00,1
1342,1/1/2019 1:00,0.631097561
1343,1/1/2019 2:00,0.57267951
1344,1/1/2019 3:00,0.628358209
1345,1/1/2019 4:00,0.627615063
1346,1/1/2019 5:00,1
1347,1/1/2019 6:00,0.67844523
1348,1/1/2019 7:00,0.601969058
1349,1/1/2019 8:00,0.546728972
1350,1/1/2019 9:00,0.489208633
1351,1/1/2019 10:00,0.883005978
1352,1/1/2019 11:00,0.417098446
1353,1/1/2019 12:00,0.356321839
1354,1/1/2019 13:00,1
1355,1/1/2019 14:00,1
1356,1/1/2019 15:00,1
1357,1/1/2019 16:00,1
1358,1/1/2019 17:00,1
1359,1/1/2019 18:00,1
1360,1/1/2019 19:00,1
1361,1/1/2019 20:00,1
1362,1/1/2019 21:00,1
1363,1/1/2019 22:00,1
1364,1/1/2019 23:00,1
1365,1/2/2019 0:00,1
1366,1/2/2019 1:00,0.615023474
1367,1/2/2019 2:00,0.638629283
1368,1/2/2019 3:00,0.569744597
1369,1/2/2019 4:00,0.636363636
1370,1/2/2019 5:00,0.634375
1371,1/2/2019 6:00,0.653775322
1372,1/2/2019 7:00,0.598920863
1373,1/2/2019 8:00,0.584725537
1374,1/2/2019 9:00,0.552710843
1375,1/2/2019 10:00,0.389645777
1376,1/2/2019 11:00,0.292565947
1377,1/2/2019 12:00,0.306976744
1378,1/2/2019 13:00,1
1379,1/2/2019 14:00,1
1380,1/2/2019 15:00,1
1381,1/2/2019 16:00,1
1382,1/2/2019 17:00,1
1383,1/2/2019 18:00,1
1384,1/2/2019 19:00,1
1385,1/2/2019 20:00,1
1386,1/2/2019 21:00,1
1387,1/2/2019 22:00,1
1388,1/2/2019 23:00,1
1389,1/3/2019 0:00,1
1390,1/3/2019 1:00,0.534482759
1391,1/3/2019 2:00,0.823529412
1392,1/3/2019 3:00,0.737967914
1393,1/3/2019 4:00,0.685185185
1394,1/3/2019 5:00,0.690987124
1395,1/3/2019 6:00,0.649484536
1396,1/3/2019 7:00,0.584319527
1397,1/3/2019 8:00,0.537744641
1398,1/3/2019 9:00,0.577777778
1399,1/3/2019 10:00,0.428169014
1400,1/3/2019 11:00,0.473829201
1401,1/3/2019 12:00,0.570422535
1402,1/3/2019 13:00,1
1403,1/3/2019 14:00,1
1404,1/3/2019 15:00,1
1405,1/3/2019 16:00,1
1406,1/3/2019 17:00,1
1407,1/3/2019 18:00,1
1408,1/3/2019 19:00,1
1409,1/3/2019 20:00,1
1410,1/3/2019 21:00,1
1411,1/3/2019 22:00,1
1412,1/3/2019 23:00,1
1413,1/4/2019 0:00,1
1414,1/4/2019 1:00,0.655367232
1415,1/4/2019 2:00,0.621134021
1416,1/4/2019 3:00,0.74796748
1417,1/4/2019 4:00,0.53875969
1418,1/4/2019 5:00,0.573839662
1419,1/4/2019 6:00,0.590994371
1420,1/4/2019 7:00,0.515151515
1421,1/4/2019 8:00,0.415005862
1422,1/4/2019 9:00,0.544559869
1423,1/4/2019 10:00,0.438783895
1424,1/4/2019 11:00,0.302955665
1425,1/4/2019 12:00,0.218390805
1426,1/4/2019 13:00,1
1427,1/4/2019 14:00,1
1428,1/4/2019 15:00,1
1429,1/4/2019 16:00,1
1430,1/4/2019 17:00,1
1431,1/4/2019 18:00,1
1432,1/4/2019 19:00,1
1433,1/4/2019 20:00,1
1434,1/4/2019 21:00,1
1435,1/4/2019 22:00,1
1436,1/4/2019 23:00,1
1437,1/5/2019 0:00,1
1438,1/5/2019 1:00,0.53258427
1439,1/5/2019 2:00,0.542882405
1440,1/5/2019 3:00,0.571895425
1441,1/5/2019 4:00,0.570570571
1442,1/5/2019 5:00,0.555555556
1443,1/5/2019 6:00,0.575965665
1444,1/5/2019 7:00,0.591586328
1445,1/5/2019 8:00,0.520670391
1446,1/5/2019 9:00,0.463963964
1447,1/5/2019 10:00,0.459216966
1448,1/5/2019 11:00,0.411081794
1449,1/5/2019 12:00,0.33553719
1450,1/5/2019 13:00,1
1451,1/5/2019 14:00,1
1452,1/5/2019 15:00,1
1453,1/5/2019 16:00,1
1454,1/5/2019 17:00,1
1455,1/5/2019 18:00,1
1456,1/5/2019 19:00,1
1457,1/5/2019 20:00,1
1458,1/5/2019 21:00,1
1459,1/5/2019 22:00,1
1460,1/5/2019 23:00,1
1461,1/6/2019 0:00,1
1462,1/6/2019 1:00,0.57904007
1463,1/6/2019 2:00,0.57519495
1464,1/6/2019 3:00,0.586759868
1465,1/6/2019 4:00,0.610416667
1466,1/6/2019 5:00,0.613686534
1467,1/6/2019 6:00,0.593491124
1468,1/6/2019 7:00,0.58369906
1469,1/6/2019 8:00,0.565296804
1470,1/6/2019 9:00,0.567527123
1471,1/6/2019 10:00,0.561301989
1472,1/6/2019 11:00,0.633187773
1473,1/6/2019 12:00,0.062291435
1474,1/6/2019 13:00,1
1475,1/6/2019 14:00,1
1476,1/6/2019 15:00,1
1477,1/6/2019 16:00,1
1478,1/6/2019 17:00,1
1479,1/6/2019 18:00,1
1480,1/6/2019 19:00,1
1481,1/6/2019 20:00,1
1482,1/6/2019 21:00,1
1483,1/6/2019 22:00,1
1484,1/6/2019 23:00,1
1485,1/7/2019 0:00,1
1486,1/7/2019 1:00,0.620689655
1487,1/7/2019 2:00,1
1488,1/7/2019 3:00,0.903846154
1489,1/7/2019 4:00,1
1490,1/7/2019 5:00,0.93220339
1491,1/7/2019 6:00,0.659574468
1492,1/7/2019 7:00,0.607594937
1493,1/7/2019 8:00,0.738461538
1494,1/7/2019 9:00,0.513227513
1495,1/7/2019 10:00,0.560185185
1496,1/7/2019 11:00,0.572727273
1497,1/7/2019 12:00,0.949612403
1498,1/7/2019 13:00,1
1499,1/7/2019 14:00,1
1500,1/7/2019 15:00,1
1501,1/7/2019 16:00,1
1502,1/7/2019 17:00,1
1503,1/7/2019 18:00,1
1504,1/7/2019 19:00,1
1505,1/7/2019 20:00,1
1506,1/7/2019 21:00,1
1507,1/7/2019 22:00,1
1508,1/7/2019 23:00,1
1509,1/8/2019 0:00,1
1510,1/8/2019 1:00,0.824786325
1511,1/8/2019 2:00,0.943661972
1512,1/8/2019 3:00,0.778801843
1513,1/8/2019 4:00,0.758064516
1514,1/8/2019 5:00,0.977777778
1515,1/8/2019 6:00,0.823129252
1516,1/8/2019 7:00,0.661840745
1517,1/8/2019 8:00,0.636363636
1518,1/8/2019 9:00,0.136363636
1519,1/8/2019 11:00,0.060265577
1520,1/8/2019 12:00,0.577981651
1521,1/8/2019 13:00,1
1522,1/8/2019 14:00,1
1523,1/8/2019 15:00,1
1524,1/8/2019 16:00,1
1525,1/8/2019 17:00,1
1526,1/8/2019 18:00,1
1527,1/8/2019 19:00,1
1528,1/8/2019 20:00,1
1529,1/8/2019 21:00,1
1530,1/8/2019 22:00,1
1531,1/8/2019 23:00,1
1532,1/9/2019 0:00,1
1533,1/9/2019 1:00,0.980769231
1534,1/9/2019 2:00,0.842572062
1535,1/9/2019 3:00,0.722772277
1536,1/9/2019 4:00,0.722772277
1537,1/9/2019 5:00,0.731861199
1538,1/9/2019 6:00,0.788844622
1539,1/9/2019 7:00,0.789189189
1540,1/9/2019 8:00,0.85645933
1541,1/9/2019 9:00,0.872222222
1542,1/9/2019 10:00,0.424460432
1543,1/9/2019 11:00,0.724696356
1544,1/9/2019 12:00,0.936952715
1545,1/9/2019 13:00,1
1546,1/9/2019 14:00,1
1547,1/9/2019 15:00,1
1548,1/9/2019 16:00,1
1549,1/9/2019 17:00,1
1550,1/9/2019 18:00,1
1551,1/9/2019 19:00,1
1552,1/9/2019 20:00,1
1553,1/9/2019 21:00,1
1554,1/9/2019 22:00,1
1555,1/9/2019 23:00,1
1556,1/10/2019 0:00,1
1557,1/10/2019 1:00,1
1558,1/10/2019 2:00,0.883211679
1559,1/10/2019 3:00,0.926829268
1560,1/10/2019 4:00,0.567676768
1561,1/10/2019 5:00,0.641025641
1562,1/10/2019 6:00,0.956521739
1563,1/10/2019 7:00,1
1564,1/10/2019 8:00,0.372093023
1565,1/10/2019 9:00,0.882352941
1566,1/10/2019 10:00,0.788461538
1567,1/10/2019 11:00,1
1568,1/10/2019 12:00,0.538461538
1569,1/10/2019 13:00,1
1570,1/10/2019 14:00,1
1571,1/10/2019 15:00,1
1572,1/10/2019 16:00,1
1573,1/10/2019 17:00,1
1574,1/10/2019 18:00,1
1575,1/10/2019 19:00,1
1576,1/10/2019 20:00,1
1577,1/10/2019 21:00,1
1578,1/10/2019 22:00,1
1579,1/10/2019 23:00,1
1580,1/11/2019 0:00,1
1581,1/11/2019 1:00,0.726027397
1582,1/11/2019 2:00,0.546733668
1583,1/11/2019 3:00,0.615782665
1584,1/11/2019 4:00,0.561904762
1585,1/11/2019 5:00,0.409090909
1586,1/11/2019 6:00,0.425
1587,1/11/2019 7:00,0.611253197
1588,1/11/2019 8:00,0.911764706
1589,1/11/2019 9:00,0.89375
1590,1/11/2019 10:00,0.631884058
1591,1/11/2019 11:00,1
1592,1/11/2019 12:00,0.886440678
1593,1/11/2019 13:00,1
1594,1/11/2019 14:00,1
1595,1/11/2019 15:00,1
1596,1/11/2019 16:00,1
1597,1/11/2019 17:00,1
1598,1/11/2019 18:00,1
1599,1/11/2019 19:00,1
1600,1/11/2019 20:00,1
1601,1/11/2019 21:00,1
1602,1/11/2019 22:00,1
1603,1/11/2019 23:00,1
1604,1/12/2019 0:00,1
1605,1/12/2019 1:00,0.738255034
1606,1/12/2019 2:00,0.345132743
1607,1/12/2019 3:00,0.842696629
1608,1/12/2019 4:00,0.933333333
1609,1/12/2019 5:00,0.674887892
1610,1/12/2019 6:00,0.634464752
1611,1/12/2019 7:00,1
1612,1/12/2019 8:00,0.536231884
1613,1/12/2019 9:00,0.47311828
1614,1/12/2019 10:00,0.952054795
1615,1/12/2019 11:00,0.984293194
1616,1/12/2019 12:00,0.557692308
1617,1/12/2019 13:00,1
1618,1/12/2019 14:00,1
1619,1/12/2019 15:00,1
1620,1/12/2019 16:00,1
1621,1/12/2019 17:00,1
1622,1/12/2019 18:00,1
1623,1/12/2019 19:00,1
1624,1/12/2019 20:00,1
1625,1/12/2019 21:00,1
1626,1/12/2019 22:00,1
1627,1/12/2019 23:00,1
1628,1/13/2019 0:00,1
1629,1/13/2019 1:00,0.7
1630,1/13/2019 2:00,0.529411765
1631,1/13/2019 3:00,0.435897436
1632,1/13/2019 4:00,0.47826087
1633,1/13/2019 6:00,0.925925926
1634,1/13/2019 7:00,0.625
1635,1/13/2019 8:00,0.490797546
1636,1/13/2019 9:00,0.766233766
1637,1/13/2019 10:00,0.327272727
1638,1/13/2019 11:00,0.758064516
1639,1/13/2019 12:00,0.720720721
1640,1/13/2019 13:00,1
1641,1/13/2019 14:00,1
1642,1/13/2019 15:00,1
1643,1/13/2019 16:00,1
1644,1/13/2019 17:00,1
1645,1/13/2019 18:00,1
1646,1/13/2019 19:00,1
1647,1/13/2019 20:00,1
1648,1/13/2019 21:00,1
1649,1/13/2019 22:00,1
1650,1/13/2019 23:00,1
1651,1/14/2019 0:00,1
1652,1/14/2019 1:00,0.372727273
1653,1/14/2019 2:00,0.484536082
1654,1/14/2019 3:00,0.580246914
1655,1/14/2019 4:00,0.575301205
1656,1/14/2019 5:00,0.567398119
1657,1/14/2019 6:00,0.412698413
1658,1/14/2019 7:00,0.609271523
1659,1/14/2019 8:00,0.697802198
1660,1/14/2019 9:00,0.262357414
1661,1/14/2019 10:00,0.536842105
1662,1/14/2019 11:00,0.497237569
1663,1/14/2019 12:00,0.912547529
1664,1/14/2019 13:00,1
1665,1/14/2019 14:00,1
1666,1/14/2019 15:00,1
1667,1/14/2019 16:00,1
1668,1/14/2019 17:00,1
1669,1/14/2019 18:00,1
1670,1/14/2019 19:00,1
1671,1/14/2019 20:00,1
1672,1/14/2019 21:00,1
1673,1/14/2019 22:00,1
1674,1/14/2019 23:00,1
1675,1/15/2019 0:00,1
1676,1/15/2019 1:00,0.544270833
1677,1/15/2019 2:00,0.589371981
1678,1/15/2019 3:00,0.520782396
1679,1/15/2019 4:00,0.5657277
1680,1/15/2019 5:00,0.640151515
1681,1/15/2019 6:00,0.632911392
1682,1/15/2019 7:00,0.643794147
1683,1/15/2019 8:00,0.365853659
1684,1/15/2019 9:00,0.291666667
1685,1/15/2019 10:00,0.847715736
1686,1/15/2019 11:00,0.963321447
1687,1/15/2019 12:00,0.598915989
1688,1/15/2019 13:00,1
1689,1/15/2019 14:00,1
1690,1/15/2019 15:00,1
1691,1/15/2019 16:00,1
1692,1/15/2019 17:00,1
1693,1/15/2019 18:00,1
1694,1/15/2019 19:00,1
1695,1/15/2019 20:00,1
1696,1/15/2019 21:00,1
1697,1/15/2019 22:00,1
1698,1/15/2019 23:00,1
1699,1/16/2019 0:00,1
1700,1/16/2019 1:00,0.918552036
1701,1/16/2019 2:00,0.683229814
1702,1/16/2019 3:00,1
1703,1/16/2019 4:00,0.682051282
1704,1/16/2019 5:00,0.787878788
1705,1/16/2019 6:00,0.779069767
1706,1/16/2019 7:00,0.96875
1707,1/16/2019 8:00,0.881578947
1708,1/16/2019 9:00,0.951612903
1709,1/16/2019 10:00,0.981395349
1710,1/16/2019 11:00,0.71
1711,1/16/2019 12:00,0.956521739
1712,1/16/2019 13:00,1
1713,1/16/2019 14:00,1
1714,1/16/2019 15:00,1
1715,1/16/2019 16:00,1
1716,1/16/2019 17:00,1
1717,1/16/2019 18:00,1
1718,1/16/2019 19:00,1
1719,1/16/2019 20:00,1
1720,1/16/2019 21:00,1
1721,1/16/2019 22:00,1
1722,1/16/2019 23:00,1
1723,1/17/2019 0:00,1
1724,1/17/2019 1:00,0.641975309
1725,1/17/2019 2:00,0.976190476
1726,1/17/2019 3:00,0.898305085
1727,1/17/2019 4:00,0.833333333
1728,1/17/2019 5:00,0.93877551
1729,1/17/2019 6:00,0.724137931
1730,1/17/2019 7:00,0.949152542
1731,1/17/2019 8:00,0.780701754
1732,1/17/2019 9:00,0.932432432
1733,1/17/2019 10:00,0.982683983
1734,1/17/2019 11:00,0.986111111
1735,1/17/2019 12:00,0.921568627
1736,1/17/2019 13:00,1
1737,1/17/2019 14:00,1
1738,1/17/2019 15:00,1
1739,1/17/2019 16:00,1
1740,1/17/2019 17:00,1
1741,1/17/2019 18:00,1
1742,1/17/2019 19:00,1
1743,1/17/2019 20:00,1
1744,1/17/2019 21:00,1
1745,1/17/2019 22:00,1
1746,1/17/2019 23:00,1
1747,1/18/2019 0:00,1
1748,1/18/2019 1:00,0.492537313
1749,1/18/2019 2:00,0.744186047
1750,1/18/2019 3:00,0.774111675
1751,1/18/2019 4:00,0.626373626
1752,1/18/2019 5:00,0.835164835
1753,1/18/2019 6:00,0.794520548
1754,1/18/2019 7:00,0.802197802
1755,1/18/2019 8:00,0.922379032
1756,1/18/2019 9:00,0.937771346
1757,1/18/2019 10:00,0.777911164
1758,1/18/2019 11:00,0.901018923
1759,1/18/2019 12:00,0.927745665
1760,1/18/2019 13:00,1
1761,1/18/2019 14:00,1
1762,1/18/2019 15:00,1
1763,1/18/2019 16:00,1
1764,1/18/2019 17:00,1
1765,1/18/2019 18:00,1
1766,1/18/2019 19:00,1
1767,1/18/2019 20:00,1
1768,1/18/2019 21:00,1
1769,1/18/2019 22:00,1
1770,1/18/2019 23:00,1
1771,1/19/2019 0:00,1
1772,1/19/2019 1:00,1
1773,1/19/2019 2:00,0.72
1774,1/19/2019 3:00,1
1775,1/19/2019 4:00,0.814814815
1776,1/19/2019 5:00,0.70212766
1777,1/19/2019 6:00,0.833333333
1778,1/19/2019 7:00,1
1779,1/19/2019 8:00,1
1780,1/19/2019 9:00,1
1781,1/19/2019 10:00,0.62962963
1782,1/19/2019 11:00,0.775510204
1783,1/19/2019 12:00,1
1784,1/19/2019 13:00,1
1785,1/19/2019 14:00,1
1786,1/19/2019 15:00,1
1787,1/19/2019 16:00,1
1788,1/19/2019 17:00,1
1789,1/19/2019 18:00,1
1790,1/19/2019 19:00,1
1791,1/19/2019 20:00,1
1792,1/19/2019 21:00,1
1793,1/19/2019 22:00,1
1794,1/19/2019 23:00,1
1795,1/20/2019 0:00,1
1796,1/20/2019 1:00,0.195652174
1797,1/20/2019 2:00,0.87037037
1798,1/20/2019 3:00,0.956521739
1799,1/20/2019 4:00,0.219512195
1800,1/20/2019 5:00,0.84
1801,1/20/2019 6:00,1
1802,1/20/2019 7:00,0.748148148
1803,1/20/2019 8:00,0.412280702
1804,1/20/2019 9:00,0.903225806
1805,1/20/2019 10:00,0.819078947
1806,1/20/2019 11:00,0.704433498
1807,1/20/2019 12:00,0.966101695
1808,1/20/2019 13:00,1
1809,1/20/2019 14:00,1
1810,1/20/2019 15:00,1
1811,1/20/2019 16:00,1
1812,1/20/2019 17:00,1
1813,1/20/2019 18:00,1
1814,1/20/2019 19:00,1
1815,1/20/2019 20:00,1
1816,1/20/2019 21:00,1
1817,1/20/2019 22:00,1
1818,1/20/2019 23:00,1
1819,1/21/2019 0:00,1
1820,1/21/2019 1:00,0.598393574
1821,1/21/2019 2:00,0.569105691
1822,1/21/2019 3:00,0.942857143
1823,1/21/2019 4:00,0.892857143
1824,1/21/2019 5:00,0.68
1825,1/21/2019 6:00,0.825757576
1826,1/21/2019 7:00,0.344827586
1827,1/21/2019 8:00,0.048086359
1828,1/21/2019 9:00,1
1829,1/21/2019 10:00,0.988505747
1830,1/21/2019 11:00,0.96742671
1831,1/21/2019 12:00,0.87
1832,1/21/2019 13:00,1
1833,1/21/2019 14:00,1
1834,1/21/2019 15:00,1
1835,1/21/2019 16:00,1
1836,1/21/2019 17:00,1
1837,1/21/2019 18:00,1
1838,1/21/2019 19:00,1
1839,1/21/2019 20:00,1
1840,1/21/2019 21:00,1
1841,1/21/2019 22:00,1
1842,1/21/2019 23:00,1
1843,1/22/2019 0:00,1
1844,1/22/2019 1:00,0.689119171
1845,1/22/2019 2:00,0.82320442
1846,1/22/2019 3:00,0.856060606
1847,1/22/2019 4:00,0.834586466
1848,1/22/2019 5:00,0.746556474
1849,1/22/2019 6:00,0.657030223
1850,1/22/2019 7:00,0.650336215
1851,1/22/2019 8:00,0.961832061
1852,1/22/2019 9:00,0.994336773
1853,1/22/2019 10:00,0.99704896
1854,1/22/2019 11:00,0.985245902
1855,1/22/2019 12:00,0.880952381
1856,1/22/2019 13:00,1
1857,1/22/2019 14:00,1
1858,1/22/2019 15:00,1
1859,1/22/2019 16:00,1
1860,1/22/2019 17:00,1
1861,1/22/2019 18:00,1
1862,1/22/2019 19:00,1
1863,1/22/2019 20:00,1
1864,1/22/2019 21:00,1
1865,1/22/2019 22:00,1
1866,1/22/2019 23:00,1
1867,1/23/2019 0:00,1
1868,1/23/2019 1:00,0.927884615
1869,1/23/2019 2:00,0.964285714
1870,1/23/2019 3:00,0.89010989
1871,1/23/2019 4:00,0.881355932
1872,1/23/2019 5:00,1
1873,1/23/2019 6:00,0.874251497
1874,1/23/2019 7:00,1
1875,1/23/2019 8:00,0.889705882
1876,1/23/2019 9:00,0.909090909
1877,1/23/2019 10:00,1
1878,1/23/2019 11:00,0.980099502
1879,1/23/2019 12:00,0.898601399
1880,1/23/2019 13:00,1
1881,1/23/2019 14:00,1
1882,1/23/2019 15:00,1
1883,1/23/2019 16:00,1
1884,1/23/2019 17:00,1
1885,1/23/2019 18:00,1
1886,1/23/2019 19:00,1
1887,1/23/2019 20:00,1
1888,1/23/2019 21:00,1
1889,1/23/2019 22:00,1
1890,1/23/2019 23:00,1
1891,1/24/2019 0:00,1
1892,1/24/2019 1:00,0.682170543
1893,1/24/2019 2:00,0.744897959
1894,1/24/2019 3:00,0.747826087
1895,1/24/2019 4:00,1
1896,1/24/2019 5:00,0.792079208
1897,1/24/2019 6:00,0.625310174
1898,1/24/2019 7:00,0.580729167
1899,1/24/2019 8:00,0.844559585
1900,1/24/2019 9:00,0.785714286
1901,1/24/2019 10:00,0.531531532
1902,1/24/2019 11:00,0.578571429
1903,1/24/2019 12:00,1
1904,1/24/2019 13:00,1
1905,1/24/2019 14:00,1
1906,1/24/2019 15:00,1
1907,1/24/2019 16:00,1
1908,1/24/2019 17:00,1
1909,1/24/2019 18:00,1
1910,1/24/2019 19:00,1
1911,1/24/2019 20:00,1
1912,1/24/2019 21:00,1
1913,1/24/2019 22:00,1
1914,1/24/2019 23:00,1
1915,1/25/2019 0:00,1
1916,1/25/2019 1:00,0.7
1917,1/25/2019 2:00,0.696969697
1918,1/25/2019 3:00,0.622222222
1919,1/25/2019 4:00,0.580645161
1920,1/25/2019 5:00,0.351648352
1921,1/25/2019 6:00,0.684210526
1922,1/25/2019 7:00,0.936073059
1923,1/25/2019 8:00,0.98752662
1924,1/25/2019 9:00,0.995994278
1925,1/25/2019 10:00,0.986725664
1926,1/25/2019 11:00,1
1927,1/25/2019 12:00,0.979835698
1928,1/25/2019 13:00,1
1929,1/25/2019 14:00,1
1930,1/25/2019 15:00,1
1931,1/25/2019 16:00,1
1932,1/25/2019 17:00,1
1933,1/25/2019 18:00,1
1934,1/25/2019 19:00,1
1935,1/25/2019 20:00,1
1936,1/25/2019 21:00,1
1937,1/25/2019 22:00,1
1938,1/25/2019 23:00,1
1939,1/26/2019 0:00,1
1940,1/26/2019 1:00,1
1941,1/26/2019 2:00,0.951219512
1942,1/26/2019 3:00,0.933333333
1943,1/26/2019 4:00,0.980952381
1944,1/26/2019 5:00,0.96017316
1945,1/26/2019 6:00,1
1946,1/26/2019 7:00,1
1947,1/26/2019 8:00,0.711864407
1948,1/26/2019 9:00,0.991304348
1949,1/26/2019 10:00,1
1950,1/26/2019 11:00,1
1951,1/26/2019 12:00,0.833333333
1952,1/26/2019 13:00,1
1953,1/26/2019 14:00,1
1954,1/26/2019 15:00,1
1955,1/26/2019 16:00,1
1956,1/26/2019 17:00,1
1957,1/26/2019 18:00,1
1958,1/26/2019 19:00,1
1959,1/26/2019 20:00,1
1960,1/26/2019 21:00,1
1961,1/26/2019 22:00,1
1962,1/26/2019 23:00,1
1963,1/27/2019 0:00,1
1964,1/27/2019 1:00,1
1965,1/27/2019 2:00,1
1966,1/27/2019 3:00,0.952380952
1967,1/27/2019 4:00,0.629032258
1968,1/27/2019 5:00,0.893617021
1969,1/27/2019 6:00,0.942622951
1970,1/27/2019 7:00,0.903225806
1971,1/27/2019 8:00,0.881355932
1972,1/27/2019 9:00,0.854166667
1973,1/27/2019 10:00,0.962962963
1974,1/27/2019 11:00,1
1975,1/27/2019 12:00,0.494117647
1976,1/27/2019 13:00,1
1977,1/27/2019 14:00,1
1978,1/27/2019 15:00,1
1979,1/27/2019 16:00,1
1980,1/27/2019 17:00,1
1981,1/27/2019 18:00,1
1982,1/27/2019 19:00,1
1983,1/27/2019 20:00,1
1984,1/27/2019 21:00,1
1985,1/27/2019 22:00,1
1986,1/27/2019 23:00,1
1987,1/28/2019 0:00,1
1988,1/28/2019 1:00,0.927272727
1989,1/28/2019 2:00,0.731092437
1990,1/28/2019 3:00,0.196891192
1991,1/28/2019 4:00,0.886363636
1992,1/28/2019 5:00,0.926829268
1993,1/28/2019 6:00,0.892857143
1994,1/28/2019 7:00,0.591549296
1995,1/28/2019 8:00,0.945859873
1996,1/28/2019 9:00,0.951219512
1997,1/28/2019 10:00,0.999066159
1998,1/28/2019 11:00,0.996467991
1999,1/28/2019 12:00,0.981889978
2000,1/28/2019 13:00,1
2001,1/28/2019 14:00,1
2002,1/28/2019 15:00,1
2003,1/28/2019 16:00,1
2004,1/28/2019 17:00,1
2005,1/28/2019 18:00,1
2006,1/28/2019 19:00,1
2007,1/28/2019 20:00,1
2008,1/28/2019 21:00,1
2009,1/28/2019 22:00,1
2010,1/28/2019 23:00,1
2011,1/29/2019 0:00,1
2012,1/29/2019 1:00,0.655172414
2013,1/29/2019 2:00,1
2014,1/29/2019 3:00,0.605978261
2015,1/29/2019 4:00,1
2016,1/29/2019 5:00,0.852173913
2017,1/29/2019 6:00,0.757660167
2018,1/29/2019 7:00,0.742574257
2019,1/29/2019 8:00,0.866412214
2020,1/29/2019 9:00,0.956353919
2021,1/29/2019 10:00,0.693893528
2022,1/29/2019 11:00,0.983827493
2023,1/29/2019 12:00,0.788659794
2024,1/29/2019 13:00,1
2025,1/29/2019 14:00,1
2026,1/29/2019 15:00,1
2027,1/29/2019 16:00,1
2028,1/29/2019 17:00,1
2029,1/29/2019 18:00,1
2030,1/29/2019 19:00,1
2031,1/29/2019 20:00,1
2032,1/29/2019 21:00,1
2033,1/29/2019 22:00,1
2034,1/29/2019 23:00,1
2035,1/30/2019 0:00,1
2036,1/30/2019 1:00,0.566666667
2037,1/30/2019 2:00,0.668789809
2038,1/30/2019 3:00,0.477443609
2039,1/30/2019 4:00,0.70361991
2040,1/30/2019 5:00,0.63434903
2041,1/30/2019 6:00,0.844884488
2042,1/30/2019 7:00,0.962441315
2043,1/30/2019 8:00,0.994047619
2044,1/30/2019 9:00,0.9921875
2045,1/30/2019 10:00,0.852760736
2046,1/30/2019 11:00,0.772151899
2047,1/30/2019 12:00,0.555555556
2048,1/30/2019 13:00,1
2049,1/30/2019 14:00,1
2050,1/30/2019 15:00,1
2051,1/30/2019 16:00,1
2052,1/30/2019 17:00,1
2053,1/30/2019 18:00,1
2054,1/30/2019 19:00,1
2055,1/30/2019 20:00,1
2056,1/30/2019 21:00,1
2057,1/30/2019 22:00,1
2058,1/30/2019 23:00,1
2059,1/31/2019 0:00,1
2060,1/31/2019 1:00,0.955555556
2061,1/31/2019 2:00,0.985815603
2062,1/31/2019 3:00,0.8
2063,1/31/2019 4:00,1
2064,1/31/2019 5:00,0.918367347
2065,1/31/2019 6:00,0.936708861
2066,1/31/2019 7:00,0.765765766
2067,1/31/2019 8:00,1
2068,1/31/2019 9:00,0.985748219
2069,1/31/2019 10:00,0.823529412
2070,1/31/2019 11:00,0.635208711
2071,1/31/2019 12:00,1
2072,1/31/2019 13:00,1
2073,1/31/2019 14:00,1
2074,1/31/2019 15:00,1
2075,1/31/2019 16:00,1
2076,1/31/2019 17:00,1
2077,1/31/2019 18:00,1
2078,1/31/2019 19:00,1
2079,1/31/2019 20:00,1
2080,1/31/2019 21:00,1
2081,1/31/2019 22:00,1
2082,1/31/2019 23:00,1
2083,2/1/2019 0:00,1
2084,2/1/2019 1:00,0.863636364
2085,2/1/2019 2:00,0.706896552
2086,2/1/2019 3:00,0.748677249
2087,2/1/2019 4:00,0.564516129
2088,2/1/2019 5:00,0.545454545
2089,2/1/2019 6:00,0.565217391
2090,2/1/2019 7:00,0.702380952
2091,2/1/2019 8:00,0.998017839
2092,2/1/2019 9:00,0.907169235
2093,2/1/2019 10:00,0.66252073
2094,2/1/2019 11:00,0.968862275
2095,2/1/2019 12:00,0.999792445
2096,2/1/2019 13:00,1
2097,2/1/2019 14:00,1
2098,2/1/2019 15:00,1
2099,2/1/2019 16:00,1
2100,2/1/2019 17:00,1
2101,2/1/2019 18:00,1
2102,2/1/2019 19:00,1
2103,2/1/2019 20:00,1
2104,2/1/2019 21:00,1
2105,2/1/2019 22:00,1
2106,2/1/2019 23:00,1
2107,2/2/2019 0:00,1
2108,2/2/2019 1:00,0.591549296
2109,2/2/2019 2:00,0.714285714
2110,2/2/2019 3:00,0.8
2111,2/2/2019 4:00,0.975
2112,2/2/2019 5:00,1
2113,2/2/2019 6:00,1
2114,2/2/2019 7:00,0.797297297
2115,2/2/2019 8:00,0.66091954
2116,2/2/2019 9:00,0.96
2117,2/2/2019 10:00,1
2118,2/2/2019 11:00,0.79406308
2119,2/2/2019 12:00,1
2120,2/2/2019 13:00,1
2121,2/2/2019 14:00,1
2122,2/2/2019 15:00,1
2123,2/2/2019 16:00,1
2124,2/2/2019 17:00,1
2125,2/2/2019 18:00,1
2126,2/2/2019 19:00,1
2127,2/2/2019 20:00,1
2128,2/2/2019 21:00,1
2129,2/2/2019 22:00,1
2130,2/2/2019 23:00,1
2131,2/3/2019 0:00,1
2132,2/3/2019 1:00,1
2133,2/3/2019 2:00,1
2134,2/3/2019 3:00,1
2135,2/3/2019 4:00,1
2136,2/3/2019 5:00,1
2137,2/3/2019 6:00,0.758241758
2138,2/3/2019 7:00,0.79
2139,2/3/2019 8:00,1
2140,2/3/2019 9:00,1
2141,2/3/2019 10:00,0.837209302
2142,2/3/2019 11:00,0.490740741
2143,2/3/2019 12:00,1
2144,2/3/2019 13:00,1
2145,2/3/2019 23:00,1
2146,2/4/2019 0:00,1
2147,2/4/2019 1:00,0.985074627
2148,2/4/2019 2:00,0.953846154
2149,2/4/2019 3:00,1
2150,2/4/2019 4:00,1
2151,2/4/2019 5:00,1
2152,2/4/2019 6:00,1
2153,2/4/2019 7:00,1
2154,2/4/2019 8:00,1
2155,2/4/2019 9:00,1
2156,2/4/2019 10:00,0.99727409
2157,2/4/2019 11:00,0.999322723
2158,2/4/2019 12:00,0.985083903
2159,2/4/2019 13:00,1
2160,2/4/2019 14:00,1
2161,2/4/2019 15:00,1
2162,2/4/2019 16:00,1
2163,2/4/2019 17:00,1
2164,2/4/2019 18:00,1
2165,2/4/2019 19:00,1
2166,2/4/2019 20:00,1
2167,2/4/2019 21:00,1
2168,2/4/2019 22:00,1
2169,2/4/2019 23:00,1
2170,2/5/2019 0:00,1
2171,2/5/2019 1:00,1
2172,2/5/2019 2:00,1
2173,2/5/2019 3:00,1
2174,2/5/2019 4:00,0.971428571
2175,2/5/2019 5:00,0.857142857
2176,2/5/2019 6:00,1
2177,2/5/2019 7:00,0.875
2178,2/5/2019 8:00,0.993762994
2179,2/5/2019 9:00,0.99864468
2180,2/5/2019 10:00,0.999211149
2181,2/5/2019 11:00,0.537190083
2182,2/5/2019 12:00,0.894736842
2183,2/5/2019 13:00,1
2184,2/5/2019 14:00,1
2185,2/5/2019 15:00,1
2186,2/5/2019 16:00,1
2187,2/5/2019 17:00,1
2188,2/5/2019 18:00,1
2189,2/5/2019 19:00,1
2190,2/5/2019 20:00,1
2191,2/5/2019 21:00,1
2192,2/5/2019 22:00,1
2193,2/5/2019 23:00,1
2194,2/6/2019 0:00,1
2195,2/6/2019 1:00,0.476190476
2196,2/6/2019 2:00,0.810810811
2197,2/6/2019 3:00,0.725806452
2198,2/6/2019 4:00,1
2199,2/6/2019 5:00,0.566280566
2200,2/6/2019 6:00,0.616771867
2201,2/6/2019 7:00,1
2202,2/6/2019 8:00,0.776119403
2203,2/6/2019 9:00,0.98605732
2204,2/6/2019 10:00,0.997876858
2205,2/6/2019 11:00,0.962457338
2206,2/6/2019 12:00,0.946393762
2207,2/6/2019 13:00,1
2208,2/6/2019 14:00,1
2209,2/6/2019 15:00,1
2210,2/6/2019 16:00,1
2211,2/6/2019 17:00,1
2212,2/6/2019 18:00,1
2213,2/6/2019 19:00,1
2214,2/6/2019 20:00,1
2215,2/6/2019 21:00,1
2216,2/6/2019 22:00,1
2217,2/6/2019 23:00,1
2218,2/7/2019 0:00,1
2219,2/7/2019 1:00,0.582089552
2220,2/7/2019 2:00,0.690909091
2221,2/7/2019 3:00,0.135294118
2222,2/7/2019 4:00,1
2223,2/7/2019 5:00,0.837209302
2224,2/7/2019 6:00,0.577319588
2225,2/7/2019 7:00,0.333333333
2226,2/7/2019 8:00,0.947540984
2227,2/7/2019 9:00,0.780645161
2228,2/7/2019 10:00,0.984615385
2229,2/7/2019 11:00,0.689873418
2230,2/7/2019 12:00,0.900990099
2231,2/7/2019 13:00,1
2232,2/7/2019 14:00,1
2233,2/7/2019 15:00,1
2234,2/7/2019 16:00,1
2235,2/7/2019 17:00,1
2236,2/7/2019 18:00,1
2237,2/7/2019 19:00,1
2238,2/7/2019 20:00,1
2239,2/7/2019 21:00,1
2240,2/7/2019 22:00,1
2241,2/7/2019 23:00,1
2242,2/8/2019 0:00,1
2243,2/8/2019 1:00,0.915492958
2244,2/8/2019 2:00,0.960784314
2245,2/8/2019 3:00,0.759259259
2246,2/8/2019 4:00,0.957894737
2247,2/8/2019 5:00,0.865546218
2248,2/8/2019 6:00,0.888888889
2249,2/8/2019 7:00,1
2250,2/8/2019 8:00,1
2251,2/8/2019 9:00,0.984263233
2252,2/8/2019 10:00,0.839951865
2253,2/8/2019 11:00,0.944055944
2254,2/8/2019 12:00,0.998950131
2255,2/8/2019 13:00,1
2256,2/8/2019 14:00,1
2257,2/8/2019 15:00,1
2258,2/8/2019 16:00,1
2259,2/8/2019 17:00,1
2260,2/8/2019 18:00,1
2261,2/8/2019 19:00,1
2262,2/8/2019 20:00,1
2263,2/8/2019 21:00,1
2264,2/8/2019 22:00,1
2265,2/8/2019 23:00,1
2266,2/9/2019 0:00,1
2267,2/9/2019 1:00,0.902439024
2268,2/9/2019 2:00,0.780487805
2269,2/9/2019 3:00,0.732394366
2270,2/9/2019 4:00,0.804347826
2271,2/9/2019 5:00,1
2272,2/9/2019 6:00,0.774193548
2273,2/9/2019 7:00,0.807017544
2274,2/9/2019 8:00,1
2275,2/9/2019 9:00,1
2276,2/9/2019 10:00,1
2277,2/9/2019 11:00,1
2278,2/9/2019 12:00,1
2279,2/9/2019 13:00,1
2280,2/9/2019 14:00,1
2281,2/9/2019 15:00,1
2282,2/9/2019 16:00,1
2283,2/9/2019 17:00,1
2284,2/9/2019 18:00,1
2285,2/9/2019 19:00,1
2286,2/9/2019 20:00,1
2287,2/9/2019 21:00,1
2288,2/9/2019 22:00,1
2289,2/9/2019 23:00,1
2290,2/10/2019 0:00,1
2291,2/10/2019 1:00,0.693069307
2292,2/10/2019 2:00,1
2293,2/10/2019 3:00,1
2294,2/10/2019 4:00,1
2295,2/10/2019 5:00,0.904761905
2296,2/10/2019 6:00,1
2297,2/10/2019 7:00,0.666666667
2298,2/10/2019 8:00,1
2299,2/10/2019 9:00,0.966597077
2300,2/10/2019 10:00,0.96124031
2301,2/10/2019 11:00,0.585714286
2302,2/10/2019 12:00,0.889679715
2303,2/10/2019 13:00,1
2304,2/10/2019 14:00,1
2305,2/10/2019 15:00,1
2306,2/10/2019 16:00,1
2307,2/10/2019 17:00,1
2308,2/10/2019 18:00,1
2309,2/10/2019 19:00,1
2310,2/10/2019 20:00,1
2311,2/10/2019 21:00,1
2312,2/10/2019 22:00,1
2313,2/10/2019 23:00,1
2314,2/11/2019 0:00,1
2315,2/11/2019 1:00,0.921875
2316,2/11/2019 2:00,0.972972973
2317,2/11/2019 3:00,0.6875
2318,2/11/2019 4:00,0.974358974
2319,2/11/2019 5:00,0.985294118
2320,2/11/2019 6:00,0.907894737
2321,2/11/2019 7:00,0.863636364
2322,2/11/2019 8:00,0.727578475
2323,2/11/2019 9:00,0.910447761
2324,2/11/2019 10:00,0.996291575
2325,2/11/2019 11:00,0.992163009
2326,2/11/2019 12:00,0.99137172
2327,2/11/2019 13:00,1
2328,2/11/2019 14:00,1
2329,2/11/2019 15:00,1
2330,2/11/2019 16:00,1
2331,2/11/2019 17:00,1
2332,2/11/2019 18:00,1
2333,2/11/2019 19:00,1
2334,2/11/2019 20:00,1
2335,2/11/2019 21:00,1
2336,2/11/2019 22:00,1
2337,2/11/2019 23:00,1
2338,2/12/2019 0:00,1
2339,2/12/2019 1:00,0.557894737
2340,2/12/2019 2:00,0.953846154
2341,2/12/2019 3:00,0.871428571
2342,2/12/2019 4:00,1
2343,2/12/2019 5:00,0.918604651
2344,2/12/2019 6:00,1
2345,2/12/2019 7:00,0.977011494
2346,2/12/2019 8:00,0.915662651
2347,2/12/2019 9:00,0.930702157
2348,2/12/2019 10:00,0.969284122
2349,2/12/2019 11:00,0.831683168
2350,2/12/2019 12:00,0.026367831
2351,2/12/2019 13:00,1
2352,2/12/2019 14:00,1
2353,2/12/2019 15:00,1
2354,2/12/2019 16:00,1
2355,2/12/2019 17:00,1
2356,2/12/2019 18:00,1
2357,2/12/2019 19:00,1
2358,2/12/2019 20:00,1
2359,2/12/2019 21:00,1
2360,2/12/2019 22:00,1
2361,2/12/2019 23:00,1
2362,2/13/2019 0:00,1
2363,2/13/2019 1:00,0.906015038
2364,2/13/2019 2:00,0.680473373
2365,2/13/2019 3:00,0.887096774
2366,2/13/2019 4:00,0.726141079
2367,2/13/2019 5:00,0.642533937
2368,2/13/2019 6:00,1
2369,2/13/2019 7:00,0.931034483
2370,2/13/2019 8:00,0.82300885
2371,2/13/2019 9:00,0.64556962
2372,2/13/2019 10:00,1
2373,2/13/2019 11:00,1
2374,2/13/2019 12:00,0.936113576
2375,2/13/2019 13:00,1
2376,2/13/2019 14:00,1
2377,2/13/2019 15:00,1
2378,2/13/2019 16:00,1
2379,2/13/2019 17:00,1
2380,2/13/2019 18:00,1
2381,2/13/2019 19:00,1
2382,2/13/2019 20:00,1
2383,2/13/2019 21:00,1
2384,2/13/2019 22:00,1
2385,2/13/2019 23:00,1
2386,2/14/2019 0:00,1
2387,2/14/2019 1:00,0.947368421
2388,2/14/2019 2:00,0.949640288
2389,2/14/2019 3:00,1
2390,2/14/2019 4:00,1
2391,2/14/2019 5:00,0.9765625
2392,2/14/2019 6:00,1
2393,2/14/2019 7:00,0.537414966
2394,2/14/2019 8:00,0.418367347
2395,2/14/2019 9:00,0.966850829
2396,2/14/2019 10:00,0.61952862
2397,2/14/2019 11:00,0.602564103
2398,2/14/2019 12:00,0.984
2399,2/14/2019 13:00,1
2400,2/14/2019 14:00,1
2401,2/14/2019 15:00,1
2402,2/14/2019 16:00,1
2403,2/14/2019 17:00,1
2404,2/14/2019 18:00,1
2405,2/14/2019 19:00,1
2406,2/14/2019 20:00,1
2407,2/14/2019 21:00,1
2408,2/14/2019 22:00,1
2409,2/14/2019 23:00,1
2410,2/15/2019 0:00,1
2411,2/15/2019 1:00,0.981818182
2412,2/15/2019 2:00,0.910614525
2413,2/15/2019 3:00,0.590062112
2414,2/15/2019 4:00,0.576744186
2415,2/15/2019 5:00,0.816666667
2416,2/15/2019 6:00,1
2417,2/15/2019 7:00,1
2418,2/15/2019 8:00,0.998219056
2419,2/15/2019 9:00,0.99333675
2420,2/15/2019 10:00,0.806408545
2421,2/15/2019 11:00,0.906525573
2422,2/15/2019 12:00,0.992345164
2423,2/15/2019 13:00,1
2424,2/15/2019 14:00,1
2425,2/15/2019 15:00,1
2426,2/15/2019 16:00,1
2427,2/15/2019 17:00,1
2428,2/15/2019 18:00,1
2429,2/15/2019 19:00,1
2430,2/15/2019 20:00,1
2431,2/15/2019 21:00,1
2432,2/15/2019 22:00,1
2433,2/15/2019 23:00,1
2434,2/16/2019 0:00,1
2435,2/16/2019 1:00,0.932515337
2436,2/16/2019 2:00,0.979674797
2437,2/16/2019 3:00,0.993569132
2438,2/16/2019 4:00,0.843791722
2439,2/16/2019 5:00,0.962264151
2440,2/16/2019 6:00,1
2441,2/16/2019 7:00,1
2442,2/16/2019 8:00,0.902777778
2443,2/16/2019 9:00,0.926199262
2444,2/16/2019 10:00,0.994535519
2445,2/16/2019 11:00,1
2446,2/16/2019 12:00,0.828571429
2447,2/16/2019 13:00,1
2448,2/16/2019 14:00,1
2449,2/16/2019 15:00,1
2450,2/16/2019 16:00,1
2451,2/16/2019 17:00,1
2452,2/16/2019 18:00,1
2453,2/16/2019 19:00,1
2454,2/16/2019 20:00,1
2455,2/16/2019 21:00,1
2456,2/16/2019 22:00,1
2457,2/16/2019 23:00,1
2458,2/17/2019 0:00,1
2459,2/17/2019 1:00,0.946902655
2460,2/17/2019 2:00,0.991071429
2461,2/17/2019 3:00,1
2462,2/17/2019 4:00,1
2463,2/17/2019 5:00,0.936170213
2464,2/17/2019 6:00,1
2465,2/17/2019 7:00,1
2466,2/17/2019 8:00,1
2467,2/17/2019 9:00,0.449438202
2468,2/17/2019 10:00,1
2469,2/17/2019 11:00,1
2470,2/17/2019 12:00,0.975
2471,2/17/2019 13:00,1
2472,2/17/2019 14:00,1
2473,2/17/2019 15:00,1
2474,2/17/2019 16:00,1
2475,2/17/2019 17:00,1
2476,2/17/2019 18:00,1
2477,2/17/2019 19:00,1
2478,2/17/2019 20:00,1
2479,2/17/2019 21:00,1
2480,2/18/2019 15:00,1
2481,2/18/2019 16:00,1
2482,2/18/2019 17:00,1
2483,2/18/2019 18:00,1
2484,2/18/2019 19:00,1
2485,2/18/2019 20:00,1
2486,2/18/2019 21:00,1
2487,2/18/2019 22:00,1
2488,2/18/2019 23:00,1
2489,2/19/2019 0:00,1
2490,2/19/2019 1:00,1
2491,2/19/2019 2:00,1
2492,2/19/2019 3:00,0.960784314
2493,2/19/2019 4:00,0.808139535
2494,2/19/2019 5:00,0.754901961
2495,2/19/2019 6:00,0.930232558
2496,2/19/2019 7:00,0.94017094
2497,2/19/2019 8:00,0.735135135
2498,2/19/2019 9:00,0.823529412
2499,2/19/2019 10:00,0.994407457
2500,2/19/2019 11:00,0.957446809
2501,2/19/2019 12:00,0.719298246
2502,2/19/2019 13:00,1
2503,2/19/2019 14:00,1
2504,2/19/2019 15:00,1
2505,2/19/2019 16:00,1
2506,2/19/2019 17:00,1
2507,2/19/2019 18:00,1
2508,2/19/2019 19:00,1
2509,2/19/2019 20:00,1
2510,2/19/2019 21:00,1
2511,2/19/2019 22:00,1
2512,2/19/2019 23:00,1
2513,2/20/2019 0:00,1
2514,2/20/2019 1:00,1
2515,2/20/2019 2:00,0.639344262
2516,2/20/2019 3:00,0.962616822
2517,2/20/2019 4:00,0.88372093
2518,2/20/2019 5:00,0.913043478
2519,2/20/2019 6:00,0.982142857
2520,2/20/2019 7:00,0.994949495
2521,2/20/2019 8:00,1
2522,2/20/2019 9:00,1
2523,2/20/2019 10:00,0.394736842
2524,2/20/2019 11:00,1
2525,2/20/2019 12:00,0.989944134
2526,2/20/2019 13:00,1
2527,2/20/2019 14:00,1
2528,2/20/2019 15:00,1
2529,2/20/2019 16:00,1
2530,2/20/2019 17:00,1
2531,2/20/2019 18:00,1
2532,2/20/2019 19:00,1
2533,2/20/2019 20:00,1
2534,2/20/2019 21:00,1
2535,2/20/2019 22:00,1
2536,2/20/2019 23:00,1
2537,2/21/2019 0:00,1
2538,2/21/2019 1:00,0.629268293
2539,2/21/2019 2:00,0.81147541
2540,2/21/2019 3:00,1
2541,2/21/2019 4:00,1
2542,2/21/2019 5:00,1
2543,2/21/2019 6:00,1
2544,2/21/2019 7:00,0.932885906
2545,2/21/2019 8:00,0.898876404
2546,2/21/2019 9:00,0.703125
2547,2/21/2019 10:00,0.43575419
2548,2/21/2019 11:00,0.489583333
2549,2/21/2019 12:00,0.713235294
2550,2/21/2019 13:00,1
2551,2/21/2019 14:00,1
2552,2/21/2019 15:00,1
2553,2/21/2019 16:00,1
2554,2/21/2019 17:00,1
2555,2/21/2019 18:00,1
2556,2/21/2019 19:00,1
2557,2/21/2019 20:00,1
2558,2/21/2019 21:00,1
2559,2/21/2019 22:00,1
2560,2/21/2019 23:00,1
2561,2/22/2019 0:00,1
2562,2/22/2019 1:00,0.933774834
2563,2/22/2019 2:00,0.734693878
2564,2/22/2019 3:00,0.894230769
2565,2/22/2019 4:00,0.976744186
2566,2/22/2019 5:00,0.671641791
2567,2/22/2019 6:00,0.985294118
2568,2/22/2019 7:00,1
2569,2/22/2019 8:00,1
2570,2/22/2019 9:00,1
2571,2/22/2019 10:00,1
2572,2/22/2019 11:00,1
2573,2/22/2019 12:00,0.958949097
2574,2/22/2019 13:00,1
2575,2/22/2019 14:00,1
2576,2/22/2019 15:00,1
2577,2/22/2019 16:00,1
2578,2/22/2019 17:00,1
2579,2/22/2019 18:00,1
2580,2/22/2019 19:00,1
2581,2/22/2019 20:00,1
2582,2/22/2019 21:00,1
2583,2/22/2019 22:00,1
2584,2/22/2019 23:00,1
2585,2/23/2019 0:00,1
2586,2/23/2019 1:00,0.459770115
2587,2/23/2019 2:00,1
2588,2/23/2019 3:00,0.895522388
2589,2/23/2019 4:00,0.720930233
2590,2/23/2019 5:00,1
2591,2/23/2019 6:00,1
2592,2/23/2019 7:00,1
2593,2/23/2019 8:00,0.826086957
2594,2/23/2019 9:00,0.709090909
2595,2/23/2019 10:00,0.970588235
2596,2/23/2019 11:00,0.825726141
2597,2/23/2019 12:00,1
2598,2/23/2019 13:00,1
2599,2/23/2019 14:00,1
2600,2/23/2019 15:00,1
2601,2/23/2019 16:00,1
2602,2/23/2019 17:00,1
2603,2/23/2019 18:00,1
2604,2/23/2019 19:00,1
2605,2/23/2019 20:00,1
2606,2/23/2019 21:00,1
2607,2/23/2019 22:00,1
2608,2/23/2019 23:00,1
2609,2/24/2019 0:00,1
2610,2/24/2019 1:00,0.946428571
2611,2/24/2019 2:00,0.959183673
2612,2/24/2019 3:00,1
2613,2/24/2019 4:00,0.952830189
2614,2/24/2019 5:00,0.694117647
2615,2/24/2019 6:00,0.870967742
2616,2/24/2019 7:00,0.900943396
2617,2/24/2019 8:00,0.930693069
2618,2/24/2019 9:00,0.818897638
2619,2/24/2019 10:00,0.760617761
2620,2/24/2019 11:00,0.973856209
2621,2/24/2019 12:00,1
2622,2/24/2019 13:00,1
2623,2/24/2019 14:00,1
2624,2/24/2019 15:00,1
2625,2/24/2019 16:00,1
2626,2/24/2019 17:00,1
2627,2/24/2019 18:00,1
2628,2/24/2019 19:00,1
2629,2/24/2019 20:00,1
2630,2/24/2019 21:00,1
2631,2/24/2019 22:00,1
2632,2/24/2019 23:00,1
2633,2/25/2019 0:00,1
2634,2/25/2019 1:00,0.917808219
2635,2/25/2019 2:00,0.703703704
2636,2/25/2019 3:00,0.490196078
2637,2/25/2019 4:00,0.940298507
2638,2/25/2019 5:00,0.913043478
2639,2/25/2019 6:00,0.964444444
2640,2/25/2019 7:00,0.579545455
2641,2/25/2019 8:00,0.996062992
2642,2/25/2019 9:00,1
2643,2/25/2019 10:00,0.999565595
2644,2/25/2019 11:00,0.995454545
2645,2/25/2019 12:00,0.997511062
2646,2/25/2019 13:00,1
2647,2/25/2019 14:00,1
2648,2/25/2019 15:00,1
2649,2/25/2019 16:00,1
2650,2/25/2019 17:00,1
2651,2/25/2019 18:00,1
2652,2/25/2019 19:00,1
2653,2/25/2019 20:00,1
2654,2/25/2019 21:00,1
2655,2/25/2019 22:00,1
2656,2/25/2019 23:00,1
2657,2/26/2019 0:00,1
2658,2/26/2019 1:00,0.721428571
2659,2/26/2019 2:00,0.604735883
2660,2/26/2019 3:00,0.847328244
2661,2/26/2019 4:00,0.693693694
2662,2/26/2019 5:00,0.74204947
2663,2/26/2019 6:00,0.906666667
2664,2/26/2019 7:00,0.928571429
2665,2/26/2019 8:00,0.962199313
2666,2/26/2019 9:00,0.968111202
2667,2/26/2019 10:00,0.983559685
2668,2/26/2019 11:00,0.668769716
2669,2/26/2019 12:00,0.877502945
2670,2/26/2019 13:00,1
2671,2/26/2019 14:00,1
2672,2/26/2019 15:00,1
2673,2/26/2019 16:00,1
2674,2/26/2019 17:00,1
2675,2/26/2019 18:00,1
2676,2/26/2019 19:00,1
2677,2/26/2019 20:00,1
2678,2/26/2019 21:00,1
2679,2/26/2019 22:00,1
2680,2/26/2019 23:00,1
2681,2/27/2019 0:00,1
2682,2/27/2019 1:00,0.925619835
2683,2/27/2019 2:00,0.650145773
2684,2/27/2019 3:00,0.755656109
2685,2/27/2019 4:00,0.983333333
2686,2/27/2019 5:00,0.865740741
2687,2/27/2019 6:00,0.959409594
2688,2/27/2019 7:00,0.724137931
2689,2/27/2019 8:00,0.733870968
2690,2/27/2019 9:00,0.945216049
2691,2/27/2019 10:00,0.931208054
2692,2/27/2019 11:00,0.884430177
2693,2/27/2019 12:00,0.941176471
2694,2/27/2019 13:00,1
2695,2/27/2019 14:00,1
2696,2/27/2019 15:00,1
2697,2/27/2019 16:00,1
2698,2/27/2019 17:00,1
2699,2/27/2019 18:00,1
2700,2/27/2019 19:00,1
2701,2/27/2019 20:00,1
2702,2/27/2019 21:00,1
2703,2/27/2019 22:00,1
2704,2/27/2019 23:00,1
2705,2/28/2019 0:00,1
2706,2/28/2019 1:00,0.731155779
2707,2/28/2019 2:00,0.749140893
2708,2/28/2019 3:00,0.678623364
2709,2/28/2019 4:00,0.873873874
2710,2/28/2019 5:00,0.853333333
2711,2/28/2019 6:00,0.613333333
2712,2/28/2019 7:00,0.726851852
2713,2/28/2019 8:00,0.688644689
2714,2/28/2019 9:00,0.676470588
2715,2/28/2019 10:00,0.756756757
2716,2/28/2019 11:00,0.966666667
2717,2/28/2019 12:00,0.846153846
2718,2/28/2019 13:00,1
2719,2/28/2019 14:00,1
2720,2/28/2019 15:00,1
2721,2/28/2019 16:00,1
2722,2/28/2019 17:00,1
2723,2/28/2019 18:00,1
2724,2/28/2019 19:00,1
2725,2/28/2019 20:00,1
2726,2/28/2019 21:00,1
2727,2/28/2019 22:00,1
2728,2/28/2019 23:00,1
2729,3/1/2019 0:00,1
2730,3/1/2019 1:00,0.699367089
2731,3/1/2019 2:00,0.607758621
2732,3/1/2019 3:00,0.764285714
2733,3/1/2019 4:00,0.926605505
2734,3/1/2019 5:00,0.830769231
2735,3/1/2019 6:00,1
2736,3/1/2019 7:00,0.784172662
2737,3/1/2019 8:00,0.455223881
2738,3/1/2019 9:00,0.999568221
2739,3/1/2019 10:00,0.612612613
2740,3/1/2019 11:00,1
2741,3/1/2019 12:00,0.99522293
2742,3/1/2019 13:00,1
2743,3/1/2019 14:00,1
2744,3/1/2019 15:00,1
2745,3/1/2019 16:00,1
2746,3/1/2019 17:00,1
2747,3/1/2019 18:00,1
2748,3/1/2019 19:00,1
2749,3/1/2019 20:00,1
2750,3/1/2019 21:00,1
2751,3/1/2019 22:00,1
2752,3/1/2019 23:00,1
2753,3/2/2019 0:00,1
2754,3/2/2019 1:00,0.553191489
2755,3/2/2019 2:00,1
2756,3/2/2019 3:00,0.713804714
2757,3/2/2019 4:00,0.90625
2758,3/2/2019 5:00,0.93
2759,3/2/2019 6:00,0.775510204
2760,3/2/2019 7:00,0.737541528
2761,3/2/2019 8:00,0.790513834
2762,3/2/2019 9:00,0.941176471
2763,3/2/2019 10:00,1
2764,3/2/2019 11:00,0.960784314
2765,3/2/2019 12:00,0.711090401
2766,3/2/2019 13:00,1
2767,3/2/2019 14:00,1
2768,3/2/2019 15:00,1
2769,3/2/2019 16:00,1
2770,3/2/2019 17:00,1
2771,3/2/2019 18:00,1
2772,3/2/2019 19:00,1
2773,3/2/2019 20:00,1
2774,3/2/2019 21:00,1
2775,3/2/2019 22:00,1
2776,3/2/2019 23:00,1
2777,3/3/2019 0:00,1
2778,3/3/2019 1:00,0.895833333
2779,3/3/2019 2:00,0.75862069
2780,3/3/2019 3:00,1
2781,3/3/2019 4:00,1
2782,3/3/2019 5:00,1
2783,3/3/2019 6:00,0.768025078
2784,3/3/2019 7:00,0.661417323
2785,3/3/2019 8:00,0.589160839
2786,3/3/2019 9:00,0.55351682
2787,3/3/2019 10:00,0.85400314
2788,3/3/2019 11:00,0.689655172
2789,3/3/2019 12:00,0.760273973
2790,3/3/2019 13:00,1
2791,3/3/2019 14:00,1
2792,3/3/2019 15:00,1
2793,3/3/2019 16:00,1
2794,3/3/2019 17:00,1
2795,3/3/2019 18:00,1
2796,3/3/2019 19:00,1
2797,3/3/2019 20:00,1
2798,3/3/2019 21:00,1
2799,3/3/2019 22:00,1
2800,3/3/2019 23:00,1
2801,3/4/2019 0:00,1
2802,3/4/2019 1:00,0.613095238
2803,3/4/2019 2:00,0.281045752
2804,3/4/2019 3:00,0.825806452
2805,3/4/2019 4:00,0.69047619
2806,3/4/2019 5:00,0.925233645
2807,3/4/2019 6:00,0.692047377
2808,3/4/2019 7:00,0.67281106
2809,3/4/2019 8:00,0.748878924
2810,3/4/2019 9:00,0.941772152
2811,3/4/2019 10:00,0.982722875
2812,3/4/2019 11:00,0.996987196
2813,3/4/2019 12:00,0.981929765
2814,3/4/2019 13:00,1
2815,3/4/2019 14:00,1
2816,3/4/2019 15:00,1
2817,3/4/2019 16:00,1
2818,3/4/2019 17:00,1
2819,3/4/2019 18:00,1
2820,3/4/2019 19:00,1
2821,3/4/2019 20:00,1
2822,3/4/2019 21:00,1
2823,3/4/2019 22:00,1
2824,3/4/2019 23:00,1
2825,3/5/2019 0:00,1
2826,3/5/2019 1:00,0.645699615
2827,3/5/2019 2:00,0.727848101
2828,3/5/2019 3:00,0.732181425
2829,3/5/2019 4:00,0.833333333
2830,3/5/2019 5:00,0.675675676
2831,3/5/2019 6:00,0.812
2832,3/5/2019 7:00,0.85443038
2833,3/5/2019 8:00,0.982570806
2834,3/5/2019 9:00,0.934322034
2835,3/5/2019 10:00,0.989872197
2836,3/5/2019 11:00,0.073110285
2837,3/5/2019 12:00,0.561797753
2838,3/5/2019 13:00,1
2839,3/5/2019 14:00,1
2840,3/5/2019 15:00,1
2841,3/5/2019 16:00,1
2842,3/5/2019 17:00,1
2843,3/5/2019 18:00,1
2844,3/5/2019 19:00,1
2845,3/5/2019 20:00,1
2846,3/5/2019 21:00,1
2847,3/5/2019 22:00,1
2848,3/5/2019 23:00,1
2849,3/6/2019 0:00,1
2850,3/6/2019 1:00,0.684210526
2851,3/6/2019 2:00,0.776470588
2852,3/6/2019 3:00,0.601918465
2853,3/6/2019 4:00,0.704402516
2854,3/6/2019 5:00,0.956043956
2855,3/6/2019 6:00,0.888888889
2856,3/6/2019 7:00,0.654205607
2857,3/6/2019 8:00,0.899031812
2858,3/6/2019 9:00,0.858447489
2859,3/6/2019 10:00,0.98024948
2860,3/6/2019 11:00,0.935779817
2861,3/6/2019 12:00,0.928714001
2862,3/6/2019 13:00,1
2863,3/6/2019 14:00,1
2864,3/6/2019 15:00,1
2865,3/6/2019 16:00,1
2866,3/6/2019 17:00,1
2867,3/6/2019 18:00,1
2868,3/6/2019 19:00,1
2869,3/6/2019 20:00,1
2870,3/6/2019 21:00,1
2871,3/6/2019 22:00,1
2872,3/6/2019 23:00,1
2873,3/7/2019 0:00,1
2874,3/7/2019 1:00,0.496688742
2875,3/7/2019 2:00,0.75257732
2876,3/7/2019 3:00,0.990875912
2877,3/7/2019 4:00,1
2878,3/7/2019 5:00,0.894736842
2879,3/7/2019 6:00,0.66442953
2880,3/7/2019 7:00,0.740139211
2881,3/7/2019 8:00,0.962264151
2882,3/7/2019 9:00,1
2883,3/7/2019 10:00,0.794594595
2884,3/7/2019 11:00,0.642512077
2885,3/7/2019 12:00,0.939393939
2886,3/7/2019 13:00,1
2887,3/7/2019 14:00,1
2888,3/7/2019 15:00,1
2889,3/7/2019 16:00,1
2890,3/7/2019 17:00,1
2891,3/7/2019 18:00,1
2892,3/7/2019 19:00,1
2893,3/7/2019 20:00,1
2894,3/7/2019 21:00,1
2895,3/7/2019 22:00,1
2896,3/7/2019 23:00,1
2897,3/8/2019 0:00,1
2898,3/8/2019 1:00,0.9375
2899,3/8/2019 2:00,0.705426357
2900,3/8/2019 3:00,0.683333333
2901,3/8/2019 4:00,0.848484848
2902,3/8/2019 5:00,0.64640884
2903,3/8/2019 6:00,0.814814815
2904,3/8/2019 7:00,0.698717949
2905,3/8/2019 8:00,0.624548736
2906,3/8/2019 9:00,0.998994975
2907,3/8/2019 10:00,0.81300813
2908,3/8/2019 11:00,0.92124105
2909,3/8/2019 12:00,0.956018519
2910,3/8/2019 13:00,1
2911,3/8/2019 14:00,1
2912,3/8/2019 15:00,1
2913,3/8/2019 16:00,1
2914,3/8/2019 17:00,1
2915,3/8/2019 18:00,1
2916,3/8/2019 19:00,1
2917,3/8/2019 20:00,1
2918,3/8/2019 21:00,1
2919,3/8/2019 22:00,1
2920,3/8/2019 23:00,1
2921,3/9/2019 0:00,1
2922,3/9/2019 1:00,0.887640449
2923,3/9/2019 2:00,0.704301075
2924,3/9/2019 3:00,0.770700637
2925,3/9/2019 4:00,0.775362319
2926,3/9/2019 5:00,0.835164835
2927,3/9/2019 6:00,0.818181818
2928,3/9/2019 7:00,0.64
2929,3/9/2019 8:00,0.862903226
2930,3/9/2019 9:00,0.616161616
2931,3/9/2019 10:00,0.768878719
2932,3/9/2019 11:00,1
2933,3/9/2019 12:00,1
2934,3/9/2019 13:00,1
2935,3/9/2019 14:00,1
2936,3/9/2019 15:00,1
2937,3/9/2019 16:00,1
2938,3/9/2019 17:00,1
2939,3/9/2019 18:00,1
2940,3/9/2019 19:00,1
2941,3/9/2019 20:00,1
2942,3/9/2019 21:00,1
2943,3/9/2019 22:00,1
2944,3/9/2019 23:00,1
2945,3/10/2019 0:00,1
2946,3/10/2019 1:00,0.77027027
2947,3/10/2019 3:00,0.615384615
2948,3/10/2019 4:00,0.576666667
2949,3/10/2019 5:00,0.521929825
2950,3/10/2019 6:00,0.740853659
2951,3/10/2019 7:00,0.894117647
2952,3/10/2019 8:00,0.710526316
2953,3/10/2019 9:00,0.96
2954,3/10/2019 10:00,0.743169399
2955,3/10/2019 11:00,0.925788497
2956,3/10/2019 12:00,0.981707317
2957,3/10/2019 13:00,1
2958,3/10/2019 14:00,1
2959,3/10/2019 15:00,1
2960,3/10/2019 16:00,1
2961,3/10/2019 17:00,1
2962,3/10/2019 18:00,1
2963,3/10/2019 19:00,1
2964,3/10/2019 20:00,1
2965,3/10/2019 21:00,1
2966,3/10/2019 22:00,1
2967,3/10/2019 23:00,1
2968,3/11/2019 0:00,1
2969,3/11/2019 1:00,1
2970,3/11/2019 2:00,0.352459016
2971,3/11/2019 3:00,0.273291925
2972,3/11/2019 4:00,0.245856354
2973,3/11/2019 5:00,0.689119171
2974,3/11/2019 6:00,0.705536913
2975,3/11/2019 7:00,0.643609023
2976,3/11/2019 8:00,0.621028612
2977,3/11/2019 9:00,0.482293423
2978,3/11/2019 10:00,0.722923453
2979,3/11/2019 11:00,0.724366472
2980,3/11/2019 12:00,0.957354221
2981,3/11/2019 13:00,1
2982,3/11/2019 14:00,1
2983,3/11/2019 15:00,1
2984,3/11/2019 16:00,1
2985,3/11/2019 17:00,1
2986,3/11/2019 18:00,1
2987,3/11/2019 19:00,1
2988,3/11/2019 20:00,1
2989,3/11/2019 21:00,1
2990,3/11/2019 22:00,1
2991,3/11/2019 23:00,1
2992,3/12/2019 0:00,1
2993,3/12/2019 1:00,0.961538462
2994,3/12/2019 2:00,0.75
2995,3/12/2019 3:00,0.663672094
2996,3/12/2019 4:00,0.687953556
2997,3/12/2019 5:00,0.604054054
2998,3/12/2019 6:00,0.652329749
2999,3/12/2019 7:00,0.637535817
3000,3/12/2019 8:00,0.655889145
3001,3/12/2019 9:00,0.760204082
3002,3/12/2019 10:00,0.950684285
3003,3/12/2019 11:00,0.491525424
3004,3/12/2019 12:00,0.541284404
3005,3/12/2019 13:00,1
3006,3/12/2019 14:00,1
3007,3/12/2019 15:00,1
3008,3/12/2019 16:00,1
3009,3/12/2019 17:00,1
3010,3/12/2019 18:00,1
3011,3/12/2019 19:00,1
3012,3/12/2019 20:00,1
3013,3/12/2019 21:00,1
3014,3/12/2019 22:00,1
3015,3/12/2019 23:00,1
3016,3/13/2019 0:00,1
3017,3/13/2019 1:00,0.834745763
3018,3/13/2019 2:00,0.668789809
3019,3/13/2019 3:00,0.786458333
3020,3/13/2019 4:00,0.752
3021,3/13/2019 5:00,0.937888199
3022,3/13/2019 6:00,0.881773399
3023,3/13/2019 7:00,0.9
3024,3/13/2019 8:00,0.914201183
3025,3/13/2019 9:00,0.991354795
3026,3/13/2019 10:00,0.891148325
3027,3/13/2019 11:00,0.963768116
3028,3/13/2019 12:00,0.27394958
3029,3/13/2019 13:00,1
3030,3/13/2019 14:00,1
3031,3/13/2019 15:00,1
3032,3/13/2019 16:00,1
3033,3/13/2019 17:00,1
3034,3/13/2019 18:00,1
3035,3/13/2019 19:00,1
3036,3/13/2019 20:00,1
3037,3/13/2019 21:00,1
3038,3/13/2019 22:00,1
3039,3/13/2019 23:00,1
3040,3/14/2019 0:00,1
3041,3/14/2019 1:00,0.727272727
3042,3/14/2019 2:00,0.945454545
3043,3/14/2019 3:00,0.919642857
3044,3/14/2019 4:00,0.71007371
3045,3/14/2019 5:00,0.759124088
3046,3/14/2019 6:00,0.863309353
3047,3/14/2019 7:00,0.793233083
3048,3/14/2019 8:00,0.705263158
3049,3/14/2019 9:00,0.201086957
3050,3/14/2019 10:00,0.13477975
3051,3/14/2019 11:00,0.909090909
3052,3/14/2019 12:00,1
3053,3/14/2019 13:00,1
3054,3/14/2019 14:00,1
3055,3/14/2019 15:00,1
3056,3/14/2019 16:00,1
3057,3/14/2019 17:00,1
3058,3/14/2019 18:00,1
3059,3/14/2019 19:00,1
3060,3/14/2019 20:00,1
3061,3/14/2019 21:00,1
3062,3/14/2019 22:00,1
3063,3/14/2019 23:00,1
3064,3/15/2019 0:00,1
3065,3/15/2019 1:00,0.662650602
3066,3/15/2019 2:00,0.952380952
3067,3/15/2019 3:00,0.738636364
3068,3/15/2019 4:00,0.772307692
3069,3/15/2019 5:00,0.613636364
3070,3/15/2019 6:00,0.816993464
3071,3/15/2019 7:00,0.785123967
3072,3/15/2019 8:00,0.875
3073,3/15/2019 9:00,0.976
3074,3/15/2019 10:00,1
3075,3/15/2019 11:00,0.692622951
3076,3/15/2019 12:00,0.732240437
3077,3/15/2019 13:00,1
3078,3/15/2019 14:00,1
3079,3/15/2019 15:00,1
3080,3/15/2019 16:00,1
3081,3/15/2019 17:00,1
3082,3/15/2019 18:00,1
3083,3/15/2019 19:00,1
3084,3/15/2019 20:00,1
3085,3/15/2019 21:00,1
3086,3/15/2019 22:00,1
3087,3/15/2019 23:00,1
3088,3/16/2019 0:00,1
3089,3/16/2019 1:00,0.926315789
3090,3/16/2019 2:00,0.275362319
3091,3/16/2019 3:00,0.53125
3092,3/16/2019 4:00,0.717741935
3093,3/16/2019 5:00,0.769911504
3094,3/16/2019 6:00,0.673469388
3095,3/16/2019 7:00,0.73015873
3096,3/16/2019 8:00,0.649038462
3097,3/16/2019 9:00,1
3098,3/16/2019 10:00,0.666666667
3099,3/16/2019 11:00,1
3100,3/16/2019 12:00,0.728571429
3101,3/16/2019 13:00,1
3102,3/16/2019 14:00,1
3103,3/16/2019 15:00,1
3104,3/16/2019 16:00,1
3105,3/16/2019 17:00,1
3106,3/16/2019 18:00,1
3107,3/16/2019 19:00,1
3108,3/16/2019 20:00,1
3109,3/16/2019 21:00,1
3110,3/16/2019 22:00,1
3111,3/16/2019 23:00,1
3112,3/17/2019 0:00,1
3113,3/17/2019 1:00,1
3114,3/17/2019 2:00,0.690140845
3115,3/17/2019 3:00,0.606870229
3116,3/17/2019 4:00,0.640350877
3117,3/17/2019 5:00,0.785123967
3118,3/17/2019 6:00,0.69924812
3119,3/17/2019 7:00,0.555555556
3120,3/17/2019 8:00,0.089156627
3121,3/17/2019 9:00,0.626126126
3122,3/17/2019 10:00,0.745098039
3123,3/17/2019 11:00,0.682926829
3124,3/17/2019 12:00,1
3125,3/17/2019 13:00,1
3126,3/17/2019 14:00,1
3127,3/17/2019 15:00,1
3128,3/17/2019 16:00,1
3129,3/17/2019 17:00,1
3130,3/17/2019 18:00,1
3131,3/17/2019 19:00,1
3132,3/17/2019 20:00,1
3133,3/17/2019 21:00,1
3134,3/17/2019 22:00,1
3135,3/17/2019 23:00,1
3136,3/18/2019 0:00,1
3137,3/18/2019 1:00,0.926724138
3138,3/18/2019 2:00,0.675675676
3139,3/18/2019 3:00,0.996488764
3140,3/18/2019 4:00,0.75
3141,3/18/2019 5:00,0.77124183
3142,3/18/2019 6:00,0.653061224
3143,3/18/2019 7:00,0.61732852
3144,3/18/2019 8:00,0.786407767
3145,3/18/2019 9:00,0.774193548
3146,3/18/2019 10:00,0.612524462
3147,3/18/2019 11:00,0.716494845
3148,3/18/2019 12:00,0.887096774
3149,3/18/2019 13:00,1
3150,3/18/2019 14:00,1
3151,3/18/2019 15:00,1
3152,3/18/2019 16:00,1
3153,3/18/2019 17:00,1
3154,3/18/2019 18:00,1
3155,3/18/2019 19:00,1
3156,3/18/2019 20:00,1
3157,3/18/2019 21:00,1
3158,3/18/2019 22:00,1
3159,3/18/2019 23:00,1
3160,3/19/2019 0:00,1
3161,3/19/2019 1:00,0.98415493
3162,3/19/2019 2:00,0.637271215
3163,3/19/2019 3:00,0.580912863
3164,3/19/2019 4:00,1
3165,3/19/2019 5:00,0.743169399
3166,3/19/2019 6:00,0.705479452
3167,3/19/2019 7:00,0.622663551
3168,3/19/2019 8:00,0.712290503
3169,3/19/2019 9:00,0.877212389
3170,3/19/2019 10:00,0.594439118
3171,3/19/2019 11:00,0.541312741
3172,3/19/2019 12:00,0.964700193
3173,3/19/2019 13:00,1
3174,3/19/2019 14:00,1
3175,3/19/2019 15:00,1
3176,3/19/2019 16:00,1
3177,3/19/2019 17:00,1
3178,3/19/2019 19:00,1
3179,3/19/2019 20:00,1
3180,3/19/2019 21:00,1
3181,3/19/2019 22:00,1
3182,3/19/2019 23:00,1
3183,3/20/2019 0:00,1
3184,3/20/2019 1:00,0.580645161
3185,3/20/2019 2:00,0.741496599
3186,3/20/2019 3:00,0.638248848
3187,3/20/2019 4:00,0.953125
3188,3/20/2019 5:00,0.781893004
3189,3/20/2019 6:00,0.797297297
3190,3/20/2019 7:00,0.738095238
3191,3/20/2019 8:00,0.647940075
3192,3/20/2019 9:00,0.603773585
3193,3/20/2019 10:00,0.894736842
3194,3/20/2019 11:00,0.671328671
3195,3/20/2019 12:00,0.968944099
3196,3/20/2019 13:00,1
3197,3/20/2019 14:00,1
3198,3/20/2019 15:00,1
3199,3/20/2019 16:00,1
3200,3/20/2019 17:00,1
3201,3/20/2019 18:00,1
3202,3/20/2019 19:00,1
3203,3/20/2019 20:00,1
3204,3/20/2019 21:00,1
3205,3/20/2019 22:00,1
3206,3/20/2019 23:00,1
3207,3/21/2019 0:00,1
3208,3/21/2019 1:00,0.740740741
3209,3/21/2019 2:00,0.68907563
3210,3/21/2019 3:00,0.728682171
3211,3/21/2019 4:00,0.691131498
3212,3/21/2019 5:00,0.710843373
3213,3/21/2019 6:00,0.715151515
3214,3/21/2019 7:00,0.697416974
3215,3/21/2019 8:00,0.673553719
3216,3/21/2019 9:00,0.731578947
3217,3/21/2019 10:00,0.78030303
3218,3/21/2019 11:00,0.940789474
3219,3/21/2019 12:00,0.868421053
3220,3/21/2019 13:00,1
3221,3/21/2019 14:00,1
3222,3/21/2019 15:00,1
3223,3/21/2019 16:00,1
3224,3/21/2019 17:00,1
3225,3/21/2019 18:00,1
3226,3/21/2019 19:00,1
3227,3/21/2019 20:00,1
3228,3/21/2019 21:00,1
3229,3/21/2019 22:00,1
3230,3/21/2019 23:00,1
3231,3/22/2019 0:00,1
3232,3/22/2019 1:00,0.641304348
3233,3/22/2019 2:00,0.68
3234,3/22/2019 3:00,0.8375
3235,3/22/2019 4:00,0.701949861
3236,3/22/2019 5:00,0.942307692
3237,3/22/2019 6:00,0.65625
3238,3/22/2019 7:00,0.820512821
3239,3/22/2019 8:00,0.855855856
3240,3/22/2019 9:00,0.870337478
3241,3/22/2019 10:00,0.625
3242,3/22/2019 11:00,0.732673267
3243,3/22/2019 12:00,0.806584362
3244,3/22/2019 13:00,1
3245,3/22/2019 14:00,1
3246,3/22/2019 15:00,1
3247,3/22/2019 16:00,1
3248,3/22/2019 17:00,1
3249,3/22/2019 18:00,1
3250,3/22/2019 19:00,1
3251,3/22/2019 20:00,1
3252,3/22/2019 21:00,1
3253,3/22/2019 22:00,1
3254,3/22/2019 23:00,1
3255,3/23/2019 0:00,1
3256,3/23/2019 1:00,1
3257,3/23/2019 2:00,0.674418605
3258,3/23/2019 3:00,0.63559322
3259,3/23/2019 4:00,0.490131579
3260,3/23/2019 5:00,0.851851852
3261,3/23/2019 6:00,0.760416667
3262,3/23/2019 7:00,0.581481481
3263,3/23/2019 8:00,0.649122807
3264,3/23/2019 9:00,0.688405797
3265,3/23/2019 10:00,0.620879121
3266,3/23/2019 11:00,0.741071429
3267,3/23/2019 12:00,0.79047619
3268,3/23/2019 13:00,1
3269,3/23/2019 14:00,1
3270,3/23/2019 15:00,1
3271,3/23/2019 16:00,1
3272,3/23/2019 17:00,1
3273,3/23/2019 18:00,1
3274,3/23/2019 19:00,1
3275,3/23/2019 20:00,1
3276,3/23/2019 21:00,1
3277,3/23/2019 22:00,1
3278,3/23/2019 23:00,1
3279,3/24/2019 0:00,1
3280,3/24/2019 1:00,0.765151515
3281,3/24/2019 2:00,1
3282,3/24/2019 3:00,0.878378378
3283,3/24/2019 4:00,0.692307692
3284,3/24/2019 5:00,0.666666667
3285,3/24/2019 6:00,0.924242424
3286,3/24/2019 7:00,0.647058824
3287,3/24/2019 8:00,0.684684685
3288,3/24/2019 9:00,0.605150215
3289,3/24/2019 10:00,0.375375375
3290,3/24/2019 11:00,0.561576355
3291,3/24/2019 12:00,1
3292,3/24/2019 13:00,1
3293,3/24/2019 14:00,1
3294,3/24/2019 15:00,1
3295,3/24/2019 16:00,1
3296,3/24/2019 17:00,1
3297,3/24/2019 18:00,1
3298,3/24/2019 19:00,1
3299,3/24/2019 20:00,1
3300,3/24/2019 21:00,1
3301,3/24/2019 22:00,1
3302,3/24/2019 23:00,1
3303,3/25/2019 0:00,1
3304,3/25/2019 1:00,0.668965517
3305,3/25/2019 2:00,0.778723404
3306,3/25/2019 3:00,0.578347578
3307,3/25/2019 4:00,0.64664311
3308,3/25/2019 5:00,0.705555556
3309,3/25/2019 6:00,0.643617021
3310,3/25/2019 7:00,0.727087576
3311,3/25/2019 8:00,0.881261596
3312,3/25/2019 9:00,0.750350631
3313,3/25/2019 10:00,0.96808104
3314,3/25/2019 11:00,0.884681583
3315,3/25/2019 12:00,0.995196157
3316,3/25/2019 13:00,1
3317,3/25/2019 14:00,1
3318,3/25/2019 15:00,1
3319,3/25/2019 16:00,1
3320,3/25/2019 17:00,1
3321,3/25/2019 18:00,1
3322,3/25/2019 19:00,1
3323,3/25/2019 20:00,1
3324,3/25/2019 21:00,1
3325,3/25/2019 22:00,1
3326,3/25/2019 23:00,1
3327,3/26/2019 0:00,1
3328,3/26/2019 1:00,0.702970297
3329,3/26/2019 2:00,0.601259182
3330,3/26/2019 3:00,0.569983137
3331,3/26/2019 4:00,0.535947712
3332,3/26/2019 5:00,0.593984962
3333,3/26/2019 6:00,0.588156124
3334,3/26/2019 7:00,0.62962963
3335,3/26/2019 8:00,0.643150123
3336,3/26/2019 9:00,0.513784461
3337,3/26/2019 10:00,0.578333333
3338,3/26/2019 11:00,0.577287066
3339,3/26/2019 12:00,0.970284026
3340,3/26/2019 13:00,1
3341,3/26/2019 14:00,1
3342,3/26/2019 15:00,1
3343,3/26/2019 16:00,1
3344,3/26/2019 17:00,1
3345,3/26/2019 18:00,1
3346,3/26/2019 19:00,1
3347,3/26/2019 20:00,1
3348,3/26/2019 21:00,1
3349,3/26/2019 22:00,1
3350,3/26/2019 23:00,1
3351,3/27/2019 0:00,1
3352,3/27/2019 1:00,0.611570248
3353,3/27/2019 2:00,0.73458445
3354,3/27/2019 3:00,0.59047619
3355,3/27/2019 4:00,0.561594203
3356,3/27/2019 5:00,0.656028369
3357,3/27/2019 6:00,0.734513274
3358,3/27/2019 7:00,0.650107991
3359,3/27/2019 8:00,0.764227642
3360,3/27/2019 9:00,0.725254394
3361,3/27/2019 10:00,0.908256881
3362,3/27/2019 11:00,0.752427184
3363,3/27/2019 12:00,0.737012987
3364,3/27/2019 13:00,1
3365,3/27/2019 14:00,1
3366,3/27/2019 15:00,1
3367,3/27/2019 16:00,1
3368,3/27/2019 17:00,1
3369,3/27/2019 18:00,1
3370,3/27/2019 19:00,1
3371,3/27/2019 20:00,1
3372,3/27/2019 21:00,1
3373,3/27/2019 22:00,1
3374,3/27/2019 23:00,1
3375,3/28/2019 0:00,1
3376,3/28/2019 1:00,0.93877551
3377,3/28/2019 2:00,0.718446602
3378,3/28/2019 3:00,0.662337662
3379,3/28/2019 4:00,0.655629139
3380,3/28/2019 5:00,0.696202532
3381,3/28/2019 6:00,0.756871036
3382,3/28/2019 7:00,0.625
3383,3/28/2019 8:00,0.690647482
3384,3/28/2019 9:00,0.722772277
3385,3/28/2019 10:00,0.782608696
3386,3/28/2019 11:00,0.760517799
3387,3/28/2019 12:00,0.792307692
3388,3/28/2019 13:00,1
3389,3/28/2019 14:00,1
3390,3/28/2019 15:00,1
3391,3/28/2019 16:00,1
3392,3/28/2019 17:00,1
3393,3/28/2019 18:00,1
3394,3/28/2019 19:00,1
3395,3/28/2019 20:00,1
3396,3/28/2019 21:00,1
3397,3/28/2019 22:00,1
3398,3/28/2019 23:00,1
3399,3/29/2019 0:00,1
3400,3/29/2019 1:00,0.613861386
3401,3/29/2019 2:00,0.917808219
3402,3/29/2019 3:00,0.76259542
3403,3/29/2019 4:00,0.971402633
3404,3/29/2019 5:00,0.838077166
3405,3/29/2019 6:00,0.809370694
3406,3/29/2019 7:00,0.699737926
3407,3/29/2019 8:00,0.8200409
3408,3/29/2019 9:00,0.943958869
3409,3/29/2019 10:00,0.616639478
3410,3/29/2019 11:00,0.606338999
3411,3/29/2019 12:00,0.976216612
3412,3/29/2019 13:00,1
3413,3/29/2019 14:00,1
3414,3/29/2019 15:00,1
3415,3/29/2019 16:00,1
3416,3/29/2019 17:00,1
3417,3/29/2019 18:00,1
3418,3/29/2019 19:00,1
3419,3/29/2019 20:00,1
3420,3/29/2019 21:00,1
3421,3/29/2019 22:00,1
3422,3/29/2019 23:00,1
3423,3/30/2019 0:00,1
3424,3/30/2019 1:00,0.642857143
3425,3/30/2019 2:00,0.697368421
3426,3/30/2019 3:00,0.790697674
3427,3/30/2019 4:00,0.621908127
3428,3/30/2019 5:00,0.60461285
3429,3/30/2019 6:00,0.742647059
3430,3/30/2019 7:00,0.828571429
3431,3/30/2019 8:00,0.626262626
3432,3/30/2019 9:00,0.696078431
3433,3/30/2019 10:00,0.909196067
3434,3/30/2019 11:00,0.920403587
3435,3/30/2019 12:00,0.978863937
3436,3/30/2019 13:00,1
3437,3/30/2019 14:00,1
3438,3/30/2019 15:00,1
3439,3/30/2019 16:00,1
3440,3/30/2019 17:00,1
3441,3/30/2019 18:00,1
3442,3/30/2019 19:00,1
3443,3/30/2019 20:00,1
3444,3/30/2019 21:00,1
3445,3/30/2019 22:00,1
3446,3/30/2019 23:00,1
3447,3/31/2019 0:00,1
3448,3/31/2019 1:00,0.515625
3449,3/31/2019 2:00,0.713483146
3450,3/31/2019 3:00,0.633093525
3451,3/31/2019 4:00,0.663316583
3452,3/31/2019 5:00,0.8125
3453,3/31/2019 6:00,0.642126789
3454,3/31/2019 7:00,0.623556582
3455,3/31/2019 8:00,0.511111111
3456,3/31/2019 9:00,0.599190283
3457,3/31/2019 10:00,0.743875278
3458,3/31/2019 11:00,0.446428571
3459,3/31/2019 12:00,0.753424658
3460,3/31/2019 13:00,1
3461,3/31/2019 14:00,1
3462,3/31/2019 15:00,1
3463,3/31/2019 16:00,1
3464,3/31/2019 17:00,1
3465,3/31/2019 18:00,1
3466,3/31/2019 19:00,1
3467,3/31/2019 20:00,1
3468,3/31/2019 21:00,1
3469,3/31/2019 22:00,1
3470,3/31/2019 23:00,1
3471,4/1/2019 0:00,1
3472,4/1/2019 1:00,0.576368876
3473,4/1/2019 2:00,0.633540373
3474,4/1/2019 3:00,0.644400786
3475,4/1/2019 4:00,0.723214286
3476,4/1/2019 5:00,0.602822581
3477,4/1/2019 6:00,0.519157088
3478,4/1/2019 7:00,0.527097253
3479,4/1/2019 8:00,0.466037736
3480,4/1/2019 9:00,0.460772105
3481,4/1/2019 10:00,0.730312837
3482,4/1/2019 11:00,0.592436975
3483,4/1/2019 12:00,0.620472441
3484,4/1/2019 13:00,1
3485,4/1/2019 14:00,1
3486,4/1/2019 15:00,1
3487,4/1/2019 16:00,1
3488,4/1/2019 17:00,1
3489,4/1/2019 18:00,1
3490,4/1/2019 19:00,1
3491,4/1/2019 20:00,1
3492,4/1/2019 21:00,1
3493,4/1/2019 22:00,1
3494,4/1/2019 23:00,1
3495,4/2/2019 0:00,1
3496,4/2/2019 1:00,0.780437045
3497,4/2/2019 2:00,0.716853933
3498,4/2/2019 3:00,0.592286501
3499,4/2/2019 4:00,0.611455108
3500,4/2/2019 5:00,0.733059548
3501,4/2/2019 6:00,0.626530612
3502,4/2/2019 7:00,0.597347347
3503,4/2/2019 8:00,0.7291532
3504,4/2/2019 9:00,0.777605939
3505,4/2/2019 10:00,0.552859619
3506,4/2/2019 11:00,0.447876448
3507,4/2/2019 12:00,0.265328874
3508,4/2/2019 13:00,1
3509,4/2/2019 14:00,1
3510,4/2/2019 15:00,1
3511,4/2/2019 16:00,1
3512,4/2/2019 17:00,1
3513,4/2/2019 18:00,1
3514,4/2/2019 19:00,1
3515,4/2/2019 20:00,1
3516,4/2/2019 21:00,1
3517,4/2/2019 22:00,1
3518,4/2/2019 23:00,1
3519,4/3/2019 0:00,1
3520,4/3/2019 1:00,0.650655022
3521,4/3/2019 2:00,0.615328467
3522,4/3/2019 3:00,0.692934783
3523,4/3/2019 4:00,0.673658134
3524,4/3/2019 5:00,0.625730994
3525,4/3/2019 6:00,0.940509915
3526,4/3/2019 7:00,0.668316832
3527,4/3/2019 8:00,0.666666667
3528,4/3/2019 9:00,0.924528302
3529,4/3/2019 10:00,0.892035398
3530,4/3/2019 11:00,0.672413793
3531,4/3/2019 12:00,0.79964539
3532,4/3/2019 13:00,1
3533,4/3/2019 14:00,1
3534,4/3/2019 15:00,1
3535,4/3/2019 16:00,1
3536,4/3/2019 17:00,1
3537,4/3/2019 18:00,1
3538,4/3/2019 19:00,1
3539,4/3/2019 20:00,1
3540,4/3/2019 21:00,1
3541,4/3/2019 22:00,1
3542,4/3/2019 23:00,1
3543,4/4/2019 0:00,1
3544,4/4/2019 1:00,0.356115108
3545,4/4/2019 2:00,0.626840317
3546,4/4/2019 3:00,0.465517241
3547,4/4/2019 4:00,0.553530752
3548,4/4/2019 5:00,0.635369458
3549,4/4/2019 6:00,0.632261411
3550,4/4/2019 7:00,0.989361702
3551,4/4/2019 8:00,1
3552,4/4/2019 9:00,0.974734529
3553,4/4/2019 10:00,0.862903226
3554,4/4/2019 11:00,0.864754098
3555,4/4/2019 12:00,0.796875
3556,4/4/2019 13:00,1
3557,4/4/2019 14:00,1
3558,4/4/2019 15:00,1
3559,4/4/2019 16:00,1
3560,4/4/2019 17:00,1
3561,4/4/2019 18:00,1
3562,4/4/2019 19:00,1
3563,4/4/2019 20:00,1
3564,4/4/2019 21:00,1
3565,4/4/2019 22:00,1
3566,4/4/2019 23:00,1
3567,4/5/2019 0:00,1
3568,4/5/2019 1:00,1
3569,4/5/2019 2:00,0.713770728
3570,4/5/2019 3:00,0.62414478
3571,4/5/2019 4:00,0.75077331
3572,4/5/2019 5:00,0.666666667
3573,4/5/2019 6:00,0.752485089
3574,4/5/2019 7:00,0.735294118
3575,4/5/2019 8:00,1
3576,4/5/2019 9:00,0.693023256
3577,4/5/2019 10:00,0.775847808
3578,4/5/2019 11:00,0.893939394
3579,4/5/2019 12:00,0.977272727
3580,4/5/2019 13:00,1
3581,4/5/2019 14:00,1
3582,4/5/2019 15:00,1
3583,4/5/2019 16:00,1
3584,4/5/2019 17:00,1
3585,4/5/2019 18:00,1
3586,4/5/2019 19:00,1
3587,4/5/2019 20:00,1
3588,4/5/2019 21:00,1
3589,4/5/2019 22:00,1
3590,4/5/2019 23:00,1
3591,4/6/2019 0:00,1
3592,4/6/2019 1:00,1
3593,4/6/2019 2:00,0.796116505
3594,4/6/2019 3:00,0.883116883
3595,4/6/2019 4:00,1
3596,4/6/2019 5:00,1
3597,4/6/2019 6:00,0.664092664
3598,4/6/2019 7:00,0.584229391
3599,4/6/2019 8:00,0.388297872
3600,4/6/2019 9:00,0.479452055
3601,4/6/2019 10:00,0.921259843
3602,4/6/2019 11:00,0.857142857
3603,4/6/2019 12:00,0.666666667
3604,4/6/2019 13:00,1
3605,4/6/2019 14:00,1
3606,4/6/2019 15:00,1
3607,4/6/2019 16:00,1
3608,4/6/2019 17:00,1
3609,4/6/2019 18:00,1
3610,4/6/2019 19:00,1
3611,4/6/2019 20:00,1
3612,4/6/2019 21:00,1
3613,4/6/2019 22:00,1
3614,4/6/2019 23:00,1
3615,4/7/2019 0:00,1
3616,4/7/2019 1:00,0.662698413
3617,4/7/2019 2:00,1
3618,4/7/2019 3:00,1
3619,4/7/2019 4:00,0.9
3620,4/7/2019 5:00,0.928571429
3621,4/7/2019 6:00,1
3622,4/7/2019 7:00,0.459074733
3623,4/7/2019 8:00,0.556603774
3624,4/7/2019 9:00,0.607515658
3625,4/7/2019 10:00,0.662037037
3626,4/7/2019 11:00,0.621323529
3627,4/7/2019 12:00,0.69375
3628,4/7/2019 13:00,1
3629,4/7/2019 14:00,1
3630,4/7/2019 15:00,1
3631,4/7/2019 16:00,1
3632,4/7/2019 17:00,1
3633,4/7/2019 18:00,1
3634,4/7/2019 19:00,1
3635,4/7/2019 20:00,1
3636,4/7/2019 21:00,1
3637,4/7/2019 22:00,1
3638,4/7/2019 23:00,1
3639,4/8/2019 0:00,1
3640,4/8/2019 1:00,0.574074074
3641,4/8/2019 2:00,0.784313725
3642,4/8/2019 3:00,0.535809019
3643,4/8/2019 4:00,0.480582524
3644,4/8/2019 5:00,0.60915493
3645,4/8/2019 6:00,0.626556017
3646,4/8/2019 7:00,0.672972973
3647,4/8/2019 8:00,0.740365112
3648,4/8/2019 9:00,0.661559414
3649,4/8/2019 10:00,0.593368237
3650,4/8/2019 11:00,0.860774818
3651,4/8/2019 12:00,0.851190476
3652,4/8/2019 13:00,1
3653,4/8/2019 14:00,1
3654,4/8/2019 15:00,1
3655,4/8/2019 16:00,1
3656,4/8/2019 17:00,1
3657,4/8/2019 18:00,1
3658,4/8/2019 19:00,1
3659,4/8/2019 20:00,1
3660,4/8/2019 21:00,1
3661,4/8/2019 22:00,1
3662,4/8/2019 23:00,1
3663,4/9/2019 0:00,1
3664,4/9/2019 1:00,0.588345865
3665,4/9/2019 2:00,0.616853933
3666,4/9/2019 3:00,0.201506591
3667,4/9/2019 4:00,0.676767677
3668,4/9/2019 5:00,0.759493671
3669,4/9/2019 6:00,0.695652174
3670,4/9/2019 7:00,0.487951807
3671,4/9/2019 8:00,0.669703872
3672,4/9/2019 9:00,0.946745562
3673,4/9/2019 10:00,0.977219777
3674,4/9/2019 11:00,0.598591549
3675,4/9/2019 12:00,0.365384615
3676,4/9/2019 13:00,1
3677,4/9/2019 14:00,1
3678,4/9/2019 15:00,1
3679,4/9/2019 16:00,1
3680,4/9/2019 17:00,1
3681,4/9/2019 18:00,1
3682,4/9/2019 19:00,1
3683,4/9/2019 20:00,1
3684,4/9/2019 21:00,1
3685,4/9/2019 22:00,1
3686,4/9/2019 23:00,1
3687,4/10/2019 0:00,1
3688,4/10/2019 1:00,0.948108108
3689,4/10/2019 2:00,0.569937788
3690,4/10/2019 3:00,0.541086957
3691,4/10/2019 4:00,0.629120879
3692,4/10/2019 5:00,0.934782609
3693,4/10/2019 6:00,0.943396226
3694,4/10/2019 7:00,0.828282828
3695,4/10/2019 8:00,0.845849802
3696,4/10/2019 9:00,0.708070175
3697,4/10/2019 10:00,0.666051661
3698,4/10/2019 11:00,0.718309859
3699,4/10/2019 12:00,0.921221865
3700,4/10/2019 13:00,1
3701,4/10/2019 14:00,1
3702,4/10/2019 15:00,1
3703,4/10/2019 16:00,1
3704,4/10/2019 17:00,1
3705,4/10/2019 18:00,1
3706,4/10/2019 19:00,1
3707,4/10/2019 20:00,1
3708,4/10/2019 21:00,1
3709,4/10/2019 22:00,1
3710,4/10/2019 23:00,1
3711,4/11/2019 0:00,1
3712,4/11/2019 1:00,0.71641791
3713,4/11/2019 2:00,0.63003413
3714,4/11/2019 3:00,0.747126437
3715,4/11/2019 4:00,0.940594059
3716,4/11/2019 5:00,1
3717,4/11/2019 6:00,1
3718,4/11/2019 7:00,0.958333333
3719,4/11/2019 8:00,0.607028754
3720,4/11/2019 9:00,0.93258427
3721,4/11/2019 10:00,0.928571429
3722,4/11/2019 11:00,0.696581197
3723,4/11/2019 12:00,0.509202454
3724,4/11/2019 13:00,1
3725,4/11/2019 14:00,1
3726,4/11/2019 15:00,1
3727,4/11/2019 16:00,1
3728,4/11/2019 17:00,1
3729,4/11/2019 18:00,1
3730,4/11/2019 19:00,1
3731,4/11/2019 20:00,1
3732,4/11/2019 21:00,1
3733,4/11/2019 22:00,1
3734,4/11/2019 23:00,1
3735,4/12/2019 0:00,1
3736,4/12/2019 1:00,0.575
3737,4/12/2019 2:00,0.584745763
3738,4/12/2019 3:00,0.664148751
3739,4/12/2019 4:00,0.677105832
3740,4/12/2019 5:00,0.669398907
3741,4/12/2019 6:00,0.704457364
3742,4/12/2019 7:00,0.746031746
3743,4/12/2019 8:00,0.831041257
3744,4/12/2019 9:00,0.944063927
3745,4/12/2019 10:00,0.804166667
3746,4/12/2019 11:00,0.925
3747,4/12/2019 12:00,0.928994083
3748,4/12/2019 13:00,1
3749,4/12/2019 14:00,1
3750,4/12/2019 15:00,1
3751,4/12/2019 16:00,1
3752,4/12/2019 17:00,1
3753,4/12/2019 18:00,1
3754,4/12/2019 19:00,1
3755,4/12/2019 20:00,1
3756,4/12/2019 21:00,1
3757,4/12/2019 22:00,1
3758,4/12/2019 23:00,1
3759,4/13/2019 0:00,1
3760,4/13/2019 1:00,0.785714286
3761,4/13/2019 2:00,0.753623188
3762,4/13/2019 3:00,0.586826347
3763,4/13/2019 4:00,0.696721311
3764,4/13/2019 5:00,0.73655914
3765,4/13/2019 6:00,0.492424242
3766,4/13/2019 7:00,0.633802817
3767,4/13/2019 8:00,0.708571429
3768,4/13/2019 9:00,0.757211538
3769,4/13/2019 10:00,0.564263323
3770,4/13/2019 11:00,0.641025641
3771,4/13/2019 12:00,0.576086957
3772,4/13/2019 13:00,1
3773,4/13/2019 14:00,1
3774,4/13/2019 15:00,1
3775,4/13/2019 16:00,1
3776,4/13/2019 17:00,1
3777,4/13/2019 18:00,1
3778,4/13/2019 19:00,1
3779,4/13/2019 20:00,1
3780,4/13/2019 21:00,1
3781,4/13/2019 22:00,1
3782,4/13/2019 23:00,1
3783,4/14/2019 0:00,1
3784,4/14/2019 1:00,0.732919255
3785,4/14/2019 2:00,0.774193548
3786,4/14/2019 3:00,0.753623188
3787,4/14/2019 4:00,0.747826087
3788,4/14/2019 5:00,0.590804598
3789,4/14/2019 6:00,0.614583333
3790,4/14/2019 7:00,0.442982456
3791,4/14/2019 8:00,0.382352941
3792,4/14/2019 9:00,0.777777778
3793,4/14/2019 10:00,0.546511628
3794,4/14/2019 11:00,0.691358025
3795,4/14/2019 12:00,0.694444444
3796,4/14/2019 13:00,1
3797,4/14/2019 14:00,1
3798,4/14/2019 15:00,1
3799,4/14/2019 16:00,1
3800,4/14/2019 17:00,1
3801,4/14/2019 18:00,1
3802,4/14/2019 19:00,1
3803,4/14/2019 20:00,1
3804,4/14/2019 21:00,1
3805,4/14/2019 22:00,1
3806,4/14/2019 23:00,1
3807,4/15/2019 0:00,1
3808,4/15/2019 1:00,0.152993348
3809,4/15/2019 2:00,0.185328185
3810,4/15/2019 3:00,0.627586207
3811,4/15/2019 4:00,0.796116505
3812,4/15/2019 5:00,0.579335793
3813,4/15/2019 6:00,0.562711864
3814,4/15/2019 7:00,0.578723404
3815,4/15/2019 8:00,0.583697234
3816,4/15/2019 9:00,0.474327628
3817,4/15/2019 10:00,0.941216446
3818,4/15/2019 11:00,0.572497661
3819,4/15/2019 12:00,0.94316396
3820,4/15/2019 13:00,1
3821,4/15/2019 14:00,1
3822,4/15/2019 15:00,1
3823,4/15/2019 16:00,1
3824,4/15/2019 17:00,1
3825,4/15/2019 18:00,1
3826,4/15/2019 19:00,1
3827,4/15/2019 20:00,1
3828,4/15/2019 21:00,1
3829,4/15/2019 22:00,1
3830,4/15/2019 23:00,1
3831,4/16/2019 0:00,1
3832,4/16/2019 1:00,0.805334257
3833,4/16/2019 2:00,0.61451049
3834,4/16/2019 3:00,0.640916808
3835,4/16/2019 4:00,0.616570328
3836,4/16/2019 5:00,0.668202765
3837,4/16/2019 6:00,0.568345324
3838,4/16/2019 7:00,0.62006079
3839,4/16/2019 8:00,0.574167508
3840,4/16/2019 9:00,0.742857143
3841,4/16/2019 10:00,0.913388544
3842,4/16/2019 11:00,0.89238146
3843,4/16/2019 12:00,0.601149425
3844,4/16/2019 13:00,1
3845,4/16/2019 14:00,1
3846,4/16/2019 15:00,1
3847,4/16/2019 16:00,1
3848,4/16/2019 17:00,1
3849,4/16/2019 18:00,1
3850,4/16/2019 19:00,1
3851,4/16/2019 20:00,1
3852,4/16/2019 21:00,1
3853,4/16/2019 22:00,1
3854,4/16/2019 23:00,1
3855,4/17/2019 0:00,1
3856,4/17/2019 1:00,0.613740458
3857,4/17/2019 2:00,0.589511754
3858,4/17/2019 3:00,0.529553679
3859,4/17/2019 4:00,0.367231638
3860,4/17/2019 5:00,0.656862745
3861,4/17/2019 6:00,0.634782609
3862,4/17/2019 7:00,0.680306905
3863,4/17/2019 8:00,0.702702703
3864,4/17/2019 9:00,0.615384615
3865,4/17/2019 10:00,0.817567568
3866,4/17/2019 11:00,0.827529022
3867,4/17/2019 12:00,0.822467402
3868,4/17/2019 13:00,1
3869,4/17/2019 14:00,1
3870,4/17/2019 15:00,1
3871,4/17/2019 16:00,1
3872,4/17/2019 17:00,1
3873,4/17/2019 18:00,1
3874,4/17/2019 19:00,1
3875,4/17/2019 20:00,1
3876,4/17/2019 21:00,1
3877,4/17/2019 22:00,1
3878,4/17/2019 23:00,1
3879,4/18/2019 0:00,1
3880,4/18/2019 1:00,0.781938326
3881,4/18/2019 2:00,0.70504451
3882,4/18/2019 3:00,0.980637102
3883,4/18/2019 4:00,0.939821694
3884,4/18/2019 5:00,0.921052632
3885,4/18/2019 6:00,0.792592593
3886,4/18/2019 7:00,0.739130435
3887,4/18/2019 8:00,0.63034188
3888,4/18/2019 9:00,0.653739612
3889,4/18/2019 10:00,0.666666667
3890,4/18/2019 11:00,0.550432277
3891,4/18/2019 12:00,0.734219269
3892,4/18/2019 13:00,1
3893,4/18/2019 14:00,1
3894,4/18/2019 15:00,1
3895,4/18/2019 16:00,1
3896,4/18/2019 17:00,1
3897,4/18/2019 18:00,1
3898,4/18/2019 19:00,1
3899,4/18/2019 20:00,1
3900,4/18/2019 21:00,1
3901,4/18/2019 22:00,1
3902,4/18/2019 23:00,1
3903,4/19/2019 0:00,1
3904,4/19/2019 1:00,0.70754717
3905,4/19/2019 2:00,0.713286713
3906,4/19/2019 3:00,0.709183673
3907,4/19/2019 4:00,0.712374582
3908,4/19/2019 5:00,0.664351852
3909,4/19/2019 6:00,0.696428571
3910,4/19/2019 7:00,0.506535948
3911,4/19/2019 8:00,0.52920143
3912,4/19/2019 9:00,0.471471471
3913,4/19/2019 10:00,0.507389163
3914,4/19/2019 11:00,0.69212963
3915,4/19/2019 12:00,0.75862069
3916,4/19/2019 13:00,1
3917,4/19/2019 14:00,1
3918,4/19/2019 15:00,1
3919,4/19/2019 16:00,1
3920,4/19/2019 17:00,1
3921,4/19/2019 18:00,1
3922,4/19/2019 19:00,1
3923,4/19/2019 20:00,1
3924,4/19/2019 21:00,1
3925,4/19/2019 22:00,1
3926,4/19/2019 23:00,1
3927,4/20/2019 0:00,1
3928,4/20/2019 1:00,0.237373737
3929,4/20/2019 2:00,0.443181818
3930,4/20/2019 3:00,0.636887608
3931,4/20/2019 4:00,0.614334471
3932,4/20/2019 5:00,0.594827586
3933,4/20/2019 6:00,0.561946903
3934,4/20/2019 7:00,0.584251969
3935,4/20/2019 8:00,0.56097561
3936,4/20/2019 9:00,0.502369668
3937,4/20/2019 10:00,0.424111948
3938,4/20/2019 11:00,0.321035828
3939,4/20/2019 12:00,0.6066713
3940,4/20/2019 13:00,1
3941,4/20/2019 14:00,1
3942,4/20/2019 15:00,1
3943,4/20/2019 16:00,1
3944,4/20/2019 17:00,1
3945,4/20/2019 18:00,1
3946,4/20/2019 19:00,1
3947,4/20/2019 20:00,1
3948,4/20/2019 21:00,1
3949,4/20/2019 22:00,1
3950,4/20/2019 23:00,1
3951,4/21/2019 0:00,1
3952,4/21/2019 1:00,0.532934132
3953,4/21/2019 2:00,0.546038544
3954,4/21/2019 3:00,0.547986451
3955,4/21/2019 4:00,0.56743738
3956,4/21/2019 5:00,0.543821839
3957,4/21/2019 6:00,0.533495408
3958,4/21/2019 7:00,0.548854447
3959,4/21/2019 8:00,0.549107143
3960,4/21/2019 9:00,0.568499003
3961,4/21/2019 10:00,0.545490043
3962,4/21/2019 11:00,0.512465374
3963,4/21/2019 12:00,0.263736264
3964,4/21/2019 13:00,1
3965,4/21/2019 14:00,1
3966,4/21/2019 15:00,1
3967,4/21/2019 16:00,1
3968,4/21/2019 17:00,1
3969,4/21/2019 18:00,1
3970,4/21/2019 19:00,1
3971,4/21/2019 20:00,1
3972,4/21/2019 21:00,1
3973,4/21/2019 22:00,1
3974,4/21/2019 23:00,1
3975,4/22/2019 0:00,1
3976,4/22/2019 1:00,0.689189189
3977,4/22/2019 2:00,0.706730769
3978,4/22/2019 3:00,0.451388889
3979,4/22/2019 4:00,0.619385343
3980,4/22/2019 5:00,0.447368421
3981,4/22/2019 6:00,0.584375
3982,4/22/2019 7:00,0.572649573
3983,4/22/2019 8:00,0.369918699
3984,4/22/2019 9:00,0.458181818
3985,4/22/2019 10:00,0.626474443
3986,4/22/2019 11:00,0.616595136
3987,4/22/2019 12:00,0.546099291
3988,4/22/2019 13:00,1
3989,4/22/2019 14:00,1
3990,4/22/2019 15:00,1
3991,4/22/2019 16:00,1
3992,4/22/2019 17:00,1
3993,4/22/2019 18:00,1
3994,4/22/2019 19:00,1
3995,4/22/2019 20:00,1
3996,4/22/2019 21:00,1
3997,4/22/2019 22:00,1
3998,4/22/2019 23:00,1